n,data_bytes,data_kb,data_mb,expected,inner_loop,naive_result,naive_avg_ms,naive_min_ms,naive_time_per_elem_ns,way2_result,way2_avg_ms,way2_min_ms,way2_time_per_elem_ns,way2_speedup_vs_naive,way4_result,way4_avg_ms,way4_min_ms,way4_time_per_elem_ns,way4_speedup_vs_naive,way8_result,way8_avg_ms,way8_min_ms,way8_time_per_elem_ns,way8_speedup_vs_naive,way16_result,way16_avg_ms,way16_min_ms,way16_time_per_elem_ns,way16_speedup_vs_naive,recursive_result,recursive_avg_ms,recursive_min_ms,recursive_time_per_elem_ns,recursive_speedup_vs_naive,iterative_result,iterative_avg_ms,iterative_min_ms,iterative_time_per_elem_ns,iterative_speedup_vs_naive,divide_result,divide_avg_ms,divide_min_ms,divide_time_per_elem_ns,divide_speedup_vs_naive,stdacc_result,stdacc_avg_ms,stdacc_min_ms,stdacc_time_per_elem_ns,stdacc_speedup_vs_naive
1000,4000,3.9062,0.003815,1000,50000,1000,5.612471,5.479602,0.112249,1000,5.862390,5.613692,0.117248,0.957369,1000,5.427526,5.113581,0.108551,1.034075,1000,5.522891,5.104368,0.110458,1.016220,1000,6.681247,6.380627,0.133625,0.840033,1000,36.527737,36.089982,0.730555,0.153650,1000,18.737057,17.803757,0.374741,0.299539,1000,5.676326,5.445991,0.113527,0.988751,1000,5.684380,5.362415,0.113688,0.987350
1500,6000,5.8594,0.005722,1500,50000,1500,9.019348,8.239691,0.120258,1500,8.419242,8.256126,0.112257,1.071278,1500,8.144490,7.390115,0.108593,1.107417,1500,8.484420,7.894151,0.113126,1.063048,1500,9.471470,9.044188,0.126286,0.952265,1500,59.139525,57.029090,0.788527,0.152510,1500,27.284689,26.038368,0.363796,0.330564,1500,8.966429,8.220748,0.119552,1.005902,1500,8.796971,8.263107,0.117293,1.025279
2000,8000,7.8125,0.007629,2000,50000,2000,11.929597,11.740330,0.119296,2000,11.551870,11.242062,0.115519,1.032698,2000,10.745097,10.629987,0.107451,1.110236,2000,11.234064,10.393004,0.112341,1.061913,2000,12.787752,12.487471,0.127878,0.932892,2000,76.842779,73.151181,0.768428,0.155247,2000,36.400331,35.180921,0.364003,0.327733,2000,12.326753,12.154253,0.123268,0.967781,2000,12.066243,12.009193,0.120662,0.988675
2500,10000,9.7656,0.009537,2500,50000,2500,15.185460,14.292164,0.121484,2500,14.368714,14.285012,0.114950,1.056842,2500,13.661790,13.586057,0.109294,1.111528,2500,14.229470,13.519999,0.113836,1.067184,2500,16.044784,15.681858,0.128358,0.946442,2500,105.891857,100.308638,0.847135,0.143405,2500,44.459011,43.958321,0.355672,0.341561,2500,15.734266,15.506028,0.125874,0.965120,2500,15.110290,15.010231,0.120882,1.004975
3000,12000,11.7188,0.011444,3000,50000,3000,18.240915,17.289560,0.121606,3000,17.214957,16.515143,0.114766,1.059597,3000,16.360851,16.041897,0.109072,1.114912,3000,16.977963,16.000590,0.113186,1.074388,3000,18.786432,18.182139,0.125243,0.970962,3000,122.490394,119.151237,0.816603,0.148917,3000,53.008057,52.458576,0.353387,0.344116,3000,18.508404,17.106132,0.123389,0.985548,3000,18.094194,17.795214,0.120628,1.008109
3500,14000,13.6719,0.013351,3500,50000,3500,21.705989,21.158341,0.124034,3500,20.108585,19.732317,0.114906,1.079439,3500,18.929593,17.912158,0.108169,1.146670,3500,19.907407,19.513735,0.113757,1.090347,3500,21.991946,21.691068,0.125668,0.986997,3500,139.165437,135.794933,0.795231,0.155973,3500,60.194254,58.750578,0.343967,0.360599,3500,21.425393,20.682365,0.122431,1.013096,3500,21.045952,20.583446,0.120263,1.031362
4000,16000,15.6250,0.015259,4000,50000,4000,24.461564,23.364988,0.122308,4000,22.799924,21.748814,0.114000,1.072879,4000,21.234049,20.212939,0.106170,1.151997,4000,22.186090,20.878239,0.110930,1.102563,4000,23.879366,22.982932,0.119397,1.024381,4000,156.115413,153.784956,0.780577,0.156689,4000,68.605005,66.628666,0.343025,0.356557,4000,24.334305,23.458339,0.121672,1.005230,4000,23.752766,23.004214,0.118764,1.029841
4500,18000,17.5781,0.017166,4500,20000,4500,10.608629,10.042959,0.117874,4500,10.241628,10.190771,0.113796,1.035834,4500,9.683054,9.273296,0.107589,1.095587,4500,9.994892,9.842867,0.111054,1.061405,4500,10.810799,9.994199,0.120120,0.981299,4500,70.922796,66.405528,0.788031,0.149580,4500,30.666186,29.995614,0.340735,0.345939,4500,11.190741,10.692858,0.124342,0.947983,4500,10.571611,9.904522,0.117462,1.003502
5000,20000,19.5312,0.019073,5000,20000,5000,11.964121,10.872350,0.119641,5000,11.063155,10.518192,0.110632,1.081438,5000,10.590079,9.707512,0.105901,1.129748,5000,10.730210,10.219212,0.107302,1.114994,5000,11.775017,11.674778,0.117750,1.016060,5000,80.353865,78.913882,0.803539,0.148893,5000,35.033963,34.675404,0.350340,0.341501,5000,12.110531,12.018770,0.121105,0.987911,5000,11.898303,11.569592,0.118983,1.005532
5500,22000,21.4844,0.020981,5500,20000,5500,13.231030,13.028666,0.120282,5500,12.220967,11.313115,0.111100,1.082650,5500,11.938398,11.650021,0.108531,1.108275,5500,12.428429,12.254202,0.112986,1.064578,5500,13.425827,13.292992,0.122053,0.985491,5500,89.080604,86.297836,0.809824,0.148529,5500,42.447007,41.616460,0.385882,0.311707,5500,13.770819,13.419553,0.125189,0.960802,5500,13.539257,13.278526,0.123084,0.977235
6000,24000,23.4375,0.022888,6000,20000,6000,14.685887,14.347088,0.122382,6000,13.831994,13.655325,0.115267,1.061733,6000,12.904169,11.956114,0.107535,1.138073,6000,13.843177,13.017555,0.115360,1.060876,6000,14.282101,14.080043,0.119018,1.028272,6000,97.379060,95.498708,0.811492,0.150812,6000,46.182758,45.061892,0.384856,0.317995,6000,14.713166,14.393720,0.122610,0.998146,6000,14.317411,14.206255,0.119312,1.025736
6500,26000,25.3906,0.024796,6500,20000,6500,15.650024,14.413575,0.120385,6500,14.708024,14.552068,0.113139,1.064047,6500,13.990224,13.639269,0.107617,1.118640,6500,14.355936,13.795821,0.110430,1.090143,6500,15.769442,15.385913,0.121303,0.992427,6500,107.417948,103.404697,0.826292,0.145693,6500,51.984372,50.832290,0.399880,0.301052,6500,15.722837,14.768532,0.120945,0.995369,6500,15.722465,15.615295,0.120942,0.995393
7000,28000,27.3438,0.026703,7000,20000,7000,17.358214,16.741008,0.123987,7000,16.104141,14.804967,0.115030,1.077873,7000,14.898497,14.083979,0.106418,1.165098,7000,15.459545,14.672117,0.110425,1.122815,7000,17.012312,16.824184,0.121517,1.020332,7000,119.060499,116.034124,0.850432,0.145793,7000,58.286960,56.050998,0.416335,0.297806,7000,17.600467,16.820221,0.125718,0.986236,7000,17.611169,17.243139,0.125794,0.985637
7500,30000,29.2969,0.028610,7500,20000,7500,18.818109,18.354724,0.125454,7500,17.428415,16.811031,0.116189,1.079737,7500,16.621875,15.597237,0.110812,1.132129,7500,17.157009,17.007995,0.114380,1.096818,7500,18.381591,17.160236,0.122544,1.023748,7500,122.061767,121.342433,0.813745,0.154169,7500,62.713971,61.271820,0.418093,0.300062,7500,18.658460,17.518304,0.124390,1.008556,7500,18.506539,18.299007,0.123377,1.016836
8000,32000,31.2500,0.030518,8000,20000,8000,19.866251,19.090832,0.124164,8000,18.793071,18.008356,0.117457,1.057105,8000,17.478411,16.241349,0.109240,1.136617,8000,18.069670,17.960974,0.112935,1.099425,8000,19.147732,18.031722,0.119673,1.037525,8000,128.654342,125.302825,0.804090,0.154416,8000,66.867569,65.226381,0.417922,0.297098,8000,19.559491,19.251820,0.122247,1.015683,8000,19.232381,18.259440,0.120202,1.032958
8192,32768,32.0000,0.031250,8192,20000,8192,19.798720,18.936511,0.120842,8192,18.616569,18.201830,0.113627,1.063500,8192,17.636634,17.398210,0.107645,1.122591,8192,18.095439,17.988086,0.110446,1.094128,8192,19.225692,18.582824,0.117344,1.029805,8192,135.545756,132.078226,0.827306,0.146067,8192,69.870906,68.695696,0.426458,0.283361,8192,19.804151,19.282020,0.120875,0.999726,8192,19.867063,19.253443,0.121259,0.996560
8500,34000,33.2031,0.032425,8500,20000,8500,20.910080,20.743370,0.123000,8500,19.869399,19.447218,0.116879,1.052376,8500,18.434466,18.206323,0.108438,1.134293,8500,19.110824,18.235435,0.112417,1.094149,8500,20.679302,20.533606,0.121643,1.011160,8500,138.701569,134.853271,0.815892,0.150756,8500,71.322936,70.597391,0.419547,0.293175,8500,21.387011,20.222049,0.125806,0.977700,8500,20.594405,19.595157,0.121144,1.015328
9000,36000,35.1562,0.034332,9000,20000,9000,22.072033,21.783865,0.122622,9000,20.703089,20.256823,0.115017,1.066123,9000,19.365889,18.069279,0.107588,1.139738,9000,19.837455,18.872380,0.110208,1.112644,9000,21.423160,19.963743,0.119018,1.030288,9000,149.438271,145.638132,0.830213,0.147700,9000,76.726307,76.168717,0.426257,0.287672,9000,23.017839,21.834102,0.127877,0.958910,9000,22.121623,21.825682,0.122898,0.997758
9500,38000,37.1094,0.036240,9500,20000,9500,23.418870,23.182328,0.123257,9500,21.888129,21.560044,0.115201,1.069935,9500,20.468151,19.384805,0.107727,1.144162,9500,21.448285,20.566264,0.112886,1.091876,9500,23.239872,22.109322,0.122315,1.007702,9500,157.242827,155.383941,0.827594,0.148934,9500,80.854852,80.170612,0.425552,0.289641,9500,23.860089,22.885967,0.125579,0.981508,9500,23.084116,22.609959,0.121495,1.014501
10000,40000,39.0625,0.038147,10000,20000,10000,24.251614,22.990838,0.121258,10000,23.186970,22.765224,0.115935,1.045916,10000,21.265480,20.009056,0.106327,1.140422,10000,22.582312,21.993117,0.112912,1.073921,10000,24.377204,24.060282,0.121886,0.994848,10000,172.298742,169.487723,0.861494,0.140753,10000,87.305171,85.776884,0.436526,0.277780,10000,25.391492,23.835902,0.126957,0.955108,10000,24.609605,23.815791,0.123048,0.985453
10500,42000,41.0156,0.040054,10500,20000,10500,25.928754,24.851978,0.123470,10500,24.391864,23.612517,0.116152,1.063008,10500,23.239408,22.802982,0.110664,1.115724,10500,24.429134,23.695248,0.116329,1.061387,10500,25.695725,24.967218,0.122361,1.009069,10500,173.710518,170.576339,0.827193,0.149264,10500,91.386506,90.094958,0.435174,0.283726,10500,26.652528,25.365038,0.126917,0.972844,10500,25.679795,24.602057,0.122285,1.009695
11000,44000,42.9688,0.041962,11000,20000,11000,26.648245,25.520605,0.121128,11000,24.856875,23.379506,0.112986,1.072067,11000,23.670409,23.209129,0.107593,1.125804,11000,24.335368,23.618459,0.110615,1.095042,11000,26.234919,25.747166,0.119250,1.015755,11000,181.526738,177.376066,0.825122,0.146801,11000,95.264986,94.047507,0.433023,0.279728,11000,27.663292,26.453279,0.125742,0.963307,11000,27.103505,26.791399,0.123198,0.983203
11500,46000,44.9219,0.043869,11500,20000,11500,28.605214,27.737478,0.124370,11500,26.554002,25.470076,0.115452,1.077247,11500,25.271584,23.428560,0.109876,1.131912,11500,25.866910,25.279881,0.112465,1.105861,11500,27.750830,26.644363,0.120656,1.030788,11500,194.354129,190.953434,0.845018,0.147181,11500,97.742926,95.249435,0.424969,0.292658,11500,28.595712,27.775851,0.124329,1.000332,11500,28.272526,27.196755,0.122924,1.011767
12000,48000,46.8750,0.045776,12000,20000,12000,29.378209,28.407363,0.122409,12000,27.557280,26.472927,0.114822,1.066078,12000,25.910042,25.261094,0.107959,1.133854,12000,26.635962,26.357970,0.110983,1.102953,12000,28.872509,28.413786,0.120302,1.017515,12000,204.336663,200.485714,0.851403,0.143774,12000,103.272240,102.012010,0.430301,0.284473,12000,29.250397,28.896811,0.121877,1.004370,12000,29.280132,29.052720,0.122001,1.003350
12500,50000,48.8281,0.047684,12500,20000,12500,30.628721,29.108845,0.122515,12500,28.418232,27.658439,0.113673,1.077784,12500,27.113220,26.466927,0.108453,1.129660,12500,28.446300,27.472386,0.113785,1.076721,12500,29.570453,27.746123,0.118282,1.035788,12500,211.426745,207.145290,0.845707,0.144867,12500,110.345100,108.994317,0.441380,0.277572,12500,31.666178,31.068489,0.126665,0.967238,12500,30.916424,29.912236,0.123666,0.990694
13000,52000,50.7812,0.049591,13000,20000,13000,32.728000,32.242519,0.125877,13000,30.443088,29.620128,0.117089,1.075055,13000,28.603909,28.225845,0.110015,1.144179,13000,29.568857,29.303471,0.113726,1.106840,13000,31.801066,31.271814,0.122312,1.029148,13000,217.834175,215.037025,0.837824,0.150243,13000,112.199994,110.489593,0.431538,0.291693,13000,32.083315,31.471957,0.123397,1.020094,13000,31.205922,30.281800,0.120023,1.048775
13500,54000,52.7344,0.051498,13500,20000,13500,32.888238,32.393280,0.121808,13500,30.672771,30.237618,0.113603,1.072229,13500,29.113087,28.375901,0.107826,1.129672,13500,30.221980,28.846941,0.111933,1.088223,13500,31.587899,30.320786,0.116992,1.041166,13500,224.590417,221.761689,0.831816,0.146437,13500,115.864462,113.248417,0.429128,0.283851,13500,33.402246,31.758589,0.123712,0.984612,13500,32.815002,32.283250,0.121537,1.002232
14000,56000,54.6875,0.053406,14000,20000,14000,33.736271,32.832451,0.120487,14000,31.807577,30.171208,0.113598,1.060636,14000,29.296398,28.356000,0.104630,1.151550,14000,30.659216,29.639853,0.109497,1.100363,14000,32.716228,31.311921,0.116844,1.031179,14000,231.438598,230.019963,0.826566,0.145768,14000,119.218127,117.485170,0.425779,0.282979,14000,33.804867,33.006588,0.120732,0.997971,14000,33.429385,32.542773,0.119391,1.009180
14500,58000,56.6406,0.055313,14500,20000,14500,35.245812,34.776766,0.121537,14500,33.038652,32.258947,0.113926,1.066805,14500,30.145129,29.365472,0.103949,1.169204,14500,31.368930,29.467160,0.108169,1.123590,14500,32.937332,31.869593,0.113577,1.070087,14500,238.149607,234.998106,0.821206,0.147999,14500,125.665436,122.322617,0.433329,0.280473,14500,35.937340,35.270584,0.123922,0.980757,14500,35.657579,35.156206,0.122957,0.988452
15000,60000,58.5938,0.057220,15000,20000,15000,37.187805,36.446733,0.123959,15000,35.568567,34.907576,0.118562,1.045524,15000,33.312102,31.458009,0.111040,1.116345,15000,34.780171,33.239784,0.115934,1.069224,15000,36.986005,36.475162,0.123287,1.005456,15000,251.349091,247.977389,0.837830,0.147953,15000,130.927180,129.471464,0.436424,0.284034,15000,37.308610,36.670828,0.124362,0.996762,15000,36.625650,36.002843,0.122085,1.015349
15500,62000,60.5469,0.059128,15500,20000,15500,38.008485,37.667876,0.122608,15500,35.855333,35.412442,0.115662,1.060051,15500,33.777610,33.206948,0.108960,1.125257,15500,34.637363,34.450446,0.111733,1.097326,15500,37.401326,36.150755,0.120649,1.016234,15500,254.803412,249.580190,0.821946,0.149168,15500,132.320142,130.815761,0.426839,0.287246,15500,37.221987,35.694864,0.120071,1.021130,15500,37.499183,36.418132,0.120965,1.013582
16000,64000,62.5000,0.061035,16000,20000,16000,38.617422,38.302380,0.120679,16000,36.038394,34.746453,0.112620,1.071563,16000,33.859092,33.304607,0.105810,1.140533,16000,35.119282,34.681020,0.109748,1.099607,16000,36.976416,35.863309,0.115551,1.044380,16000,259.044738,255.131353,0.809515,0.149076,16000,136.869820,135.138237,0.427718,0.282147,16000,38.330520,37.348203,0.119783,1.007485,16000,38.139532,37.396392,0.119186,1.012530
16500,66000,64.4531,0.062943,16500,5000,16500,9.937723,9.633325,0.120457,16500,9.293019,8.733227,0.112643,1.069375,16500,8.773572,8.214944,0.106346,1.132688,16500,9.036045,8.985984,0.109528,1.099787,16500,9.687198,9.606955,0.117421,1.025861,16500,68.099494,67.389172,0.825448,0.145929,16500,35.517034,35.057423,0.430510,0.279802,16500,10.233643,9.374618,0.124044,0.971084,16500,9.958091,9.788801,0.120704,0.997955
17000,68000,66.4062,0.064850,17000,5000,17000,10.187504,9.803850,0.119853,17000,9.512497,8.930992,0.111912,1.070960,17000,8.969378,8.908342,0.105522,1.135809,17000,9.372148,9.158421,0.110261,1.086998,17000,10.197198,9.750597,0.119967,0.999049,17000,72.161935,71.582269,0.848964,0.141176,17000,36.849239,35.807058,0.433520,0.276464,17000,10.413604,9.715325,0.122513,0.978288,17000,10.413144,10.102070,0.122508,0.978331
17500,70000,68.3594,0.066757,17500,5000,17500,10.545371,10.453653,0.120519,17500,9.834400,9.757974,0.112393,1.072294,17500,9.283245,8.952273,0.106094,1.135957,17500,9.471239,8.911415,0.108243,1.113410,17500,10.201420,10.143308,0.116588,1.033716,17500,73.761119,71.488554,0.842984,0.142967,17500,37.814143,36.525044,0.432162,0.278874,17500,10.958702,10.469468,0.125242,0.962283,17500,10.423538,10.181414,0.119126,1.011688
18000,72000,70.3125,0.068665,18000,5000,18000,11.205300,9.917908,0.124503,18000,10.343354,9.574497,0.114926,1.083333,18000,9.649378,9.488888,0.107215,1.161246,18000,10.041045,9.681462,0.111567,1.115950,18000,10.968525,9.558109,0.121872,1.021587,18000,74.513182,73.146525,0.827924,0.150380,18000,40.297994,39.729529,0.447755,0.278061,18000,11.478553,10.880178,0.127539,0.976195,18000,11.272993,11.009373,0.125255,0.993995
18500,74000,72.2656,0.070572,18500,5000,18500,11.489475,10.766136,0.124211,18500,10.701943,10.642906,0.115697,1.073588,18500,9.962029,9.163458,0.107698,1.153327,18500,10.520834,10.325471,0.113739,1.092069,18500,11.063191,10.966892,0.119602,1.038532,18500,79.274966,76.693751,0.857027,0.144932,18500,41.198152,40.844602,0.445385,0.278883,18500,11.945738,11.712341,0.129143,0.961805,18500,11.338140,10.594746,0.122574,1.013347
19000,76000,74.2188,0.072479,19000,5000,19000,11.698215,10.934698,0.123139,19000,10.963788,10.912781,0.115408,1.066987,19000,10.247315,9.598694,0.107866,1.141588,19000,10.742416,10.489041,0.113078,1.088974,19000,11.483598,11.321317,0.120880,1.018689,19000,80.687456,78.744106,0.849342,0.144982,19000,41.300315,39.561397,0.434740,0.283248,19000,11.868577,11.517778,0.124932,0.985646,19000,11.627554,10.791472,0.122395,1.006077
19500,78000,76.1719,0.074387,19500,5000,19500,12.011250,11.800113,0.123192,19500,11.166123,10.682536,0.114524,1.075687,19500,10.509330,10.359907,0.107788,1.142913,19500,10.989647,10.830339,0.112714,1.092961,19500,11.397033,10.707796,0.116893,1.053893,19500,82.259955,81.027629,0.843692,0.146016,19500,42.757806,40.561840,0.438542,0.280914,19500,12.110852,11.998625,0.124214,0.991776,19500,11.926426,11.722751,0.122322,1.007112
20000,80000,78.1250,0.076294,20000,5000,20000,12.215137,11.457274,0.122151,20000,11.325714,10.297765,0.113257,1.078531,20000,10.920037,9.832236,0.109200,1.118598,20000,11.088014,10.906776,0.110880,1.101652,20000,11.622001,10.838205,0.116220,1.051036,20000,84.998569,83.054581,0.849986,0.143710,20000,43.665099,42.306074,0.436651,0.279746,20000,12.271212,12.191542,0.122712,0.995430,20000,12.187604,11.623683,0.121876,1.002259
22000,88000,85.9375,0.083923,22000,5000,22000,13.380828,13.118713,0.121644,22000,12.413124,12.346310,0.112847,1.077958,22000,11.615915,11.540659,0.105599,1.151939,22000,12.218844,12.019735,0.111080,1.095098,22000,13.121175,12.433298,0.119283,1.019789,22000,93.469188,92.497567,0.849720,0.143158,22000,47.936100,46.960585,0.435783,0.279139,22000,14.223692,13.392158,0.129306,0.940742,22000,13.348823,12.903864,0.121353,1.002398
24000,96000,93.7500,0.091553,24000,5000,24000,14.556318,13.969153,0.121303,24000,13.566621,13.441508,0.113055,1.072951,24000,12.678902,12.623726,0.105658,1.148074,24000,13.083116,13.027619,0.109026,1.112603,24000,13.838035,12.759683,0.115317,1.051906,24000,101.622356,99.065761,0.846853,0.143239,24000,52.173831,51.362430,0.434782,0.278997,24000,14.403636,14.177255,0.120030,1.010600,24000,14.271631,13.892343,0.118930,1.019948
26000,104000,101.5625,0.099182,26000,5000,26000,15.456418,14.965134,0.118896,26000,14.570479,14.397769,0.112081,1.060804,26000,13.818453,12.658712,0.106296,1.118535,26000,13.982170,13.216687,0.107555,1.105438,26000,14.832728,14.097502,0.114098,1.042048,26000,109.698110,107.215656,0.843832,0.140900,26000,56.341712,54.860212,0.433398,0.274333,26000,15.644462,15.004905,0.120342,0.987980,26000,15.402401,14.937648,0.118480,1.003507
28000,112000,109.3750,0.106812,28000,5000,28000,16.835527,16.360813,0.120254,28000,15.438550,14.733616,0.110275,1.090486,28000,14.935055,14.272650,0.106679,1.127249,28000,15.274547,14.900634,0.109104,1.102195,28000,15.971203,15.188020,0.114080,1.054118,28000,119.073475,117.467234,0.850525,0.141388,28000,61.780376,60.568639,0.441288,0.272506,28000,17.100651,16.771301,0.122148,0.984496,28000,17.052567,16.619844,0.121804,0.987272
30000,120000,117.1875,0.114441,30000,5000,30000,18.296574,17.424614,0.121977,30000,17.135027,16.143932,0.114234,1.067788,30000,15.951373,15.698629,0.106342,1.147022,30000,16.176158,15.079966,0.107841,1.131083,30000,17.617503,16.451109,0.117450,1.038545,30000,124.803615,122.391641,0.832024,0.146603,30000,65.663646,64.654208,0.437758,0.278641,30000,18.286446,17.995241,0.121910,1.000554,30000,17.929105,17.837466,0.119527,1.020496
32000,128000,125.0000,0.122070,32000,5000,32000,19.354824,19.093860,0.120968,32000,18.422317,17.993009,0.115139,1.050618,32000,16.870262,16.763147,0.105439,1.147275,32000,17.558427,17.190038,0.109740,1.102310,32000,18.728175,16.981882,0.117051,1.033460,32000,135.485601,134.109562,0.846785,0.142855,32000,69.878693,68.579999,0.436742,0.276977,32000,18.957494,17.369004,0.118484,1.020959,32000,19.079885,17.891670,0.119249,1.014410
34000,136000,132.8125,0.129700,34000,5000,34000,20.624168,20.148821,0.121319,34000,19.403385,19.126180,0.114138,1.062916,34000,18.157750,17.799865,0.106810,1.135833,34000,18.464852,18.271788,0.108617,1.116942,34000,19.765145,19.321582,0.116266,1.043462,34000,146.982104,144.521194,0.864601,0.140318,34000,75.333689,73.483630,0.443139,0.273771,34000,21.275151,20.961617,0.125148,0.969402,34000,20.321979,20.170424,0.119541,1.014870
36000,144000,140.6250,0.137329,36000,5000,36000,21.567739,20.264296,0.119821,36000,20.714537,19.687476,0.115081,1.041189,36000,18.980609,17.695100,0.105448,1.136304,36000,19.665607,18.253256,0.109253,1.096724,36000,20.574414,19.111367,0.114302,1.048280,36000,152.977237,149.978024,0.849874,0.140987,36000,79.921029,78.877980,0.444006,0.269863,36000,22.729043,22.123465,0.126272,0.948907,36000,21.675077,20.822497,0.120417,0.995048
38000,152000,148.4375,0.144958,38000,5000,38000,22.996698,22.177710,0.121035,38000,21.316182,20.820367,0.112190,1.078838,38000,20.177883,19.059881,0.106199,1.139698,38000,20.538055,19.811572,0.108095,1.119712,38000,22.146797,21.374683,0.116562,1.038376,38000,160.458193,157.864678,0.844517,0.143319,38000,83.272672,80.906788,0.438277,0.276161,38000,23.330648,23.132381,0.122793,0.985686,38000,22.673641,22.537805,0.119335,1.014248
40000,160000,156.2500,0.152588,40000,5000,40000,24.587649,23.555588,0.122938,40000,23.031987,22.518389,0.115160,1.067544,40000,21.227743,20.649485,0.106139,1.158279,40000,21.704379,20.183264,0.108522,1.132843,40000,23.503244,22.265762,0.117516,1.046139,40000,172.677837,170.150399,0.863389,0.142390,40000,88.197216,86.485346,0.440986,0.278780,40000,24.559401,24.274854,0.122797,1.001150,40000,23.977812,22.862610,0.119889,1.025433
42000,168000,164.0625,0.160217,42000,5000,42000,25.347591,25.023152,0.120703,42000,24.237288,22.766826,0.115416,1.045810,42000,22.323169,21.530457,0.106301,1.135484,42000,23.249001,22.370917,0.110710,1.090266,42000,24.462364,24.180129,0.116487,1.036187,42000,194.983998,192.497324,0.928495,0.129998,42000,91.953249,90.647257,0.437873,0.275657,42000,25.477640,24.562111,0.121322,0.994896,42000,25.097689,24.925224,0.119513,1.009957
44000,176000,171.8750,0.167847,44000,5000,44000,26.184599,24.666552,0.119021,44000,24.709542,23.443867,0.112316,1.059696,44000,23.080334,22.695815,0.104911,1.134498,44000,24.037890,23.366179,0.109263,1.089305,44000,25.343893,24.427123,0.115200,1.033172,44000,190.660998,187.671467,0.866641,0.137336,44000,101.846442,100.890516,0.462938,0.257099,44000,26.722912,25.947991,0.121468,0.979856,44000,26.279280,24.626933,0.119451,0.996397
46000,184000,179.6875,0.175476,46000,5000,46000,27.300821,26.170448,0.118699,46000,25.708791,24.199833,0.111777,1.061925,46000,24.011770,23.106433,0.104399,1.136977,46000,25.253600,24.282295,0.109798,1.081066,46000,26.790129,25.202593,0.116479,1.019063,46000,208.479126,206.055349,0.906431,0.130952,46000,104.147643,102.533930,0.452816,0.262136,46000,28.533014,28.088504,0.124057,0.956815,46000,28.346201,26.646543,0.123244,0.963121
48000,192000,187.5000,0.183105,48000,5000,48000,30.458259,29.853945,0.126909,48000,28.048836,26.976388,0.116870,1.085901,48000,25.942876,24.459106,0.108095,1.174051,48000,26.794795,26.227133,0.111645,1.136723,48000,28.348871,27.797256,0.118120,1.074408,48000,213.848733,212.513377,0.891036,0.142429,48000,106.877981,103.001773,0.445325,0.284982,48000,29.225039,28.163365,0.121771,1.042197,48000,28.683374,28.012406,0.119514,1.061879
50000,200000,195.3125,0.190735,50000,5000,50000,30.510295,29.682687,0.122041,50000,28.421083,27.818166,0.113684,1.073509,50000,26.564175,25.828086,0.106257,1.148550,50000,27.264592,26.737648,0.109058,1.119045,50000,28.779252,27.001912,0.115117,1.060149,50000,220.108082,217.472571,0.880432,0.138615,50000,110.319887,108.301604,0.441280,0.276562,50000,30.886180,30.220994,0.123545,0.987830,50000,30.216117,29.791977,0.120864,1.009736
52000,208000,203.1250,0.198364,52000,5000,52000,31.343545,30.235199,0.120552,52000,29.260068,29.061190,0.112539,1.071205,52000,27.910714,26.485533,0.107349,1.122993,52000,28.853523,27.815145,0.110975,1.086299,52000,30.259231,30.086473,0.116382,1.035834,52000,220.585733,217.047962,0.848407,0.142092,52000,112.431755,111.462902,0.432430,0.278778,52000,31.039008,30.590735,0.119381,1.009811,52000,30.910344,29.791007,0.118886,1.014015
54000,216000,210.9375,0.205994,54000,5000,54000,32.544484,31.048178,0.120535,54000,30.510484,28.563278,0.113002,1.066666,54000,28.490818,28.157302,0.105522,1.142280,54000,29.389922,28.086893,0.108852,1.107335,54000,31.807540,31.192516,0.117806,1.023169,54000,233.800117,230.221513,0.865926,0.139198,54000,117.891956,116.079117,0.436637,0.276053,54000,32.464941,31.241328,0.120241,1.002450,54000,32.156917,31.814888,0.119100,1.012052
56000,224000,218.7500,0.213623,56000,5000,56000,33.405320,32.868191,0.119305,56000,31.178364,30.855909,0.111351,1.071426,56000,29.418191,28.939814,0.105065,1.135533,56000,30.172100,29.889479,0.107757,1.107159,56000,31.996967,31.170411,0.114275,1.044015,56000,244.689075,241.786093,0.873890,0.136522,56000,121.895594,119.955200,0.435341,0.274049,56000,32.947400,32.200913,0.117669,1.013898,56000,33.433391,32.855190,0.119405,0.999160
58000,232000,226.5625,0.221252,58000,5000,58000,34.297244,34.030817,0.118266,58000,32.427680,31.693359,0.111820,1.057653,58000,30.543591,29.694998,0.105323,1.122895,58000,31.674832,31.294358,0.109224,1.082792,58000,33.094047,31.626742,0.114117,1.036357,58000,254.599026,250.427162,0.877928,0.134711,58000,128.112939,127.488330,0.441769,0.267711,58000,35.126927,34.679328,0.121127,0.976380,58000,34.799968,33.673792,0.120000,0.985554
60000,240000,234.3750,0.228882,60000,5000,60000,35.824141,34.489915,0.119414,60000,33.698109,32.980166,0.112327,1.063091,60000,31.575141,30.434162,0.105250,1.134568,60000,32.439161,30.386486,0.108131,1.104349,60000,34.919344,33.482202,0.116398,1.025911,60000,259.332435,254.748065,0.864441,0.138140,60000,135.452600,132.260453,0.451509,0.264477,60000,36.658556,35.219716,0.122195,0.977238,60000,36.566589,36.035383,0.121889,0.979696
62000,248000,242.1875,0.236511,62000,5000,62000,37.696870,36.815305,0.121603,62000,35.204957,34.649147,0.113564,1.070783,62000,33.456232,32.749321,0.107923,1.126752,62000,33.541395,32.178617,0.108198,1.123891,62000,35.808051,34.475985,0.115510,1.052748,62000,269.705921,266.623460,0.870019,0.139770,62000,138.148589,134.604399,0.445641,0.272872,62000,37.777777,36.555284,0.121864,0.997858,62000,37.419654,36.710320,0.120709,1.007408
64000,256000,250.0000,0.244141,64000,5000,64000,39.790532,37.329786,0.124345,64000,36.919509,36.079119,0.115373,1.077764,64000,35.089774,33.644043,0.109656,1.133964,64000,35.457694,35.100525,0.110805,1.122197,64000,37.643385,36.163218,0.117636,1.057039,64000,286.020354,282.317801,0.893814,0.139118,64000,144.074503,142.899544,0.450233,0.276180,64000,38.240790,36.761865,0.119502,1.040526,64000,38.686678,37.978654,0.120896,1.028533
65536,262144,256.0000,0.250000,65536,5000,65536,40.059873,39.203968,0.122253,65536,36.895184,36.483022,0.112595,1.085775,65536,34.724169,32.555447,0.105970,1.153660,65536,35.922782,35.659252,0.109628,1.115166,65536,37.880126,37.250698,0.115601,1.057543,65536,288.038890,285.168403,0.879025,0.139078,65536,144.314941,141.669168,0.440414,0.277586,65536,39.330744,38.992207,0.120028,1.018538,65536,39.613089,39.171562,0.120890,1.011279
66000,264000,257.8125,0.251770,66000,1000,66000,7.922450,7.543417,0.120037,66000,7.455495,7.101108,0.112962,1.062632,66000,6.893713,6.800003,0.104450,1.149228,66000,7.074827,6.635678,0.107194,1.119808,66000,7.604294,7.472523,0.115217,1.041839,66000,58.108292,57.003932,0.880429,0.136339,66000,29.288220,28.363114,0.443761,0.270500,66000,8.095334,7.980231,0.122657,0.978644,66000,7.871990,7.217827,0.119273,1.006410
68000,272000,265.6250,0.259399,68000,1000,68000,8.034437,7.460098,0.118153,68000,7.517352,7.353505,0.110549,1.068786,68000,7.197090,6.455652,0.105840,1.116345,68000,7.243005,7.150494,0.106515,1.109268,68000,7.709192,7.253868,0.113370,1.042189,68000,58.541496,57.599266,0.860904,0.137243,68000,29.743383,28.534058,0.437403,0.270125,68000,8.422904,7.956653,0.123866,0.953880,68000,8.073074,7.981479,0.118722,0.995214
70000,280000,273.4375,0.267029,70000,1000,70000,8.392299,8.184591,0.119890,70000,7.740489,7.678128,0.110578,1.084208,70000,7.185485,6.843010,0.102650,1.167952,70000,7.466392,7.245190,0.106663,1.124010,70000,7.911479,7.357760,0.113021,1.060775,70000,59.933261,59.381332,0.856189,0.140027,70000,30.750156,29.559812,0.439288,0.272919,70000,8.749766,8.630994,0.124997,0.959146,70000,8.269448,7.768221,0.118135,1.014856
72000,288000,281.2500,0.274658,72000,1000,72000,8.776364,8.133985,0.121894,72000,7.944156,7.533806,0.110335,1.104757,72000,7.626093,6.976449,0.105918,1.150834,72000,7.834210,7.743786,0.108808,1.120262,72000,8.273083,7.604820,0.114904,1.060834,72000,63.889977,62.461645,0.887361,0.137367,72000,32.156936,30.514605,0.446624,0.272923,72000,8.935349,8.802421,0.124102,0.982207,72000,8.606457,8.023070,0.119534,1.019742
74000,296000,289.0625,0.282288,74000,1000,74000,8.593788,8.280121,0.116132,74000,8.367726,8.243220,0.113077,1.027016,74000,7.782191,7.723403,0.105165,1.104289,74000,8.077135,7.985733,0.109150,1.063965,74000,8.608538,8.463644,0.116332,0.998287,74000,66.248899,64.126683,0.895255,0.129720,74000,32.614367,31.192336,0.440735,0.263497,74000,9.364138,9.099242,0.126542,0.917734,74000,8.977311,8.250266,0.121315,0.957279
76000,304000,296.8750,0.289917,76000,1000,76000,9.219510,8.531700,0.121309,76000,8.547628,8.420570,0.112469,1.078605,76000,7.987336,7.876705,0.105097,1.154266,76000,8.270940,8.179473,0.108828,1.114687,76000,8.665906,7.950580,0.114025,1.063883,76000,67.063175,64.925956,0.882410,0.137475,76000,33.364604,32.686349,0.439008,0.276326,76000,9.181175,8.799530,0.120805,1.004175,76000,9.047773,8.492658,0.119050,1.018981
78000,312000,304.6875,0.297546,78000,1000,78000,9.459760,9.046281,0.121279,78000,8.823365,8.644011,0.113120,1.072126,78000,8.205450,7.570928,0.105198,1.152863,78000,8.361310,7.494066,0.107196,1.131373,78000,8.934348,8.695840,0.114543,1.058808,78000,68.890653,67.909957,0.883213,0.137316,78000,34.504946,32.885537,0.442371,0.274157,78000,9.668497,9.472995,0.123955,0.978411,78000,9.471732,9.266070,0.121432,0.998736
80000,320000,312.5000,0.305176,80000,1000,80000,9.524100,8.965962,0.119051,80000,8.957572,8.861206,0.111970,1.063246,80000,8.657797,8.319048,0.108222,1.100060,80000,8.895663,8.756770,0.111196,1.070645,80000,9.360746,9.297224,0.117009,1.017451,80000,73.411154,71.504860,0.917639,0.129736,80000,36.427037,35.072505,0.455338,0.261457,80000,9.805846,9.270825,0.122573,0.971268,80000,9.853322,9.678257,0.123167,0.966588
82000,328000,320.3125,0.312805,82000,1000,82000,9.948792,9.369978,0.121327,82000,9.500134,8.636393,0.115855,1.047226,82000,9.119262,8.760558,0.111211,1.090965,82000,8.995235,8.878553,0.109698,1.106007,82000,9.565297,9.147116,0.116650,1.040092,82000,74.332679,69.738326,0.906496,0.133841,82000,37.089206,35.602691,0.452307,0.268240,82000,10.278927,9.456701,0.125353,0.967882,82000,9.874495,9.196129,0.120421,1.007524
84000,336000,328.1250,0.320435,84000,1000,84000,9.989205,9.447711,0.118919,84000,9.705235,9.457324,0.115539,1.029260,84000,9.016157,8.137998,0.107335,1.107923,84000,9.272721,8.751436,0.110390,1.077268,84000,10.052805,9.772515,0.119676,0.993673,84000,75.402048,73.948357,0.897643,0.132479,84000,37.768911,36.593740,0.449630,0.264482,84000,10.282000,10.196109,0.122405,0.971524,84000,10.035964,9.499992,0.119476,0.995341
86000,344000,335.9375,0.328064,86000,1000,86000,10.548267,10.212985,0.122654,86000,9.871475,9.044383,0.114785,1.068560,86000,9.131005,9.005728,0.106174,1.155214,86000,9.434885,9.285279,0.109708,1.118007,86000,9.957236,9.865276,0.115782,1.059357,86000,77.284501,75.671636,0.898657,0.136486,86000,38.754955,38.249820,0.450639,0.272179,86000,10.495078,9.785681,0.122036,1.005068,86000,10.370122,9.997179,0.120583,1.017179
88000,352000,343.7500,0.335693,88000,1000,88000,10.615961,10.087272,0.120636,88000,9.881004,9.201463,0.112284,1.074381,88000,9.947822,9.156532,0.113043,1.067164,88000,9.635956,8.941418,0.109500,1.101703,88000,10.367849,10.129325,0.117816,1.023931,88000,79.596140,78.958260,0.904502,0.133373,88000,39.541675,37.709913,0.449337,0.268475,88000,10.850668,10.677088,0.123303,0.978369,88000,10.390398,10.206464,0.118073,1.021709
90000,360000,351.5625,0.343323,90000,1000,90000,10.899480,9.894237,0.121105,90000,10.093803,9.956259,0.112153,1.079819,90000,9.349825,8.716473,0.103887,1.165742,90000,9.664427,9.477276,0.107383,1.127794,90000,10.038636,9.317653,0.111540,1.085753,90000,78.722411,76.705203,0.874693,0.138455,90000,39.855759,38.165892,0.442842,0.273473,90000,10.786393,10.492730,0.119849,1.010484,90000,10.668375,10.483918,0.118537,1.021663
92000,368000,359.3750,0.350952,92000,1000,92000,10.738054,10.283649,0.116718,92000,10.169275,10.022079,0.110536,1.055931,92000,9.519311,8.714323,0.103471,1.128029,92000,9.781678,8.924758,0.106323,1.097772,92000,10.576700,10.489000,0.114964,1.015256,92000,83.621662,81.596661,0.908931,0.128412,92000,41.302459,40.573732,0.448940,0.259986,92000,11.383265,10.991564,0.123731,0.943319,92000,11.040207,10.785351,0.120002,0.972632
94000,376000,367.1875,0.358582,94000,1000,94000,11.487276,11.219211,0.122205,94000,10.641938,9.859532,0.113212,1.079435,94000,10.000054,9.111678,0.106384,1.148721,94000,10.268058,9.477764,0.109235,1.118739,94000,10.926845,9.747500,0.116243,1.051289,94000,84.322864,83.058600,0.897052,0.136230,94000,42.513346,41.954541,0.452270,0.270204,94000,11.317514,10.405506,0.120399,1.015000,94000,11.351528,10.616002,0.120761,1.011959
96000,384000,375.0000,0.366211,96000,1000,96000,11.781090,11.102243,0.122720,96000,11.038162,10.797890,0.114981,1.067305,96000,9.896996,9.858204,0.103094,1.190370,96000,10.241266,9.375153,0.106680,1.150355,96000,10.868600,10.719075,0.113215,1.083957,96000,85.338435,83.307776,0.888942,0.138051,96000,42.596287,41.014275,0.443711,0.276576,96000,11.572719,11.218385,0.120549,1.018005,96000,11.169697,10.828764,0.116351,1.054737
98000,392000,382.8125,0.373840,98000,1000,98000,11.643609,10.994264,0.118812,98000,11.112282,10.933478,0.113391,1.047814,98000,10.249179,9.631616,0.104583,1.136053,98000,10.439192,9.474308,0.106522,1.115375,98000,11.157644,10.550673,0.113854,1.043554,98000,88.483678,85.179607,0.902895,0.131590,98000,44.292088,42.917399,0.451960,0.262882,98000,12.065849,11.639701,0.123121,0.965005,98000,12.166656,11.401970,0.124150,0.957010
100000,400000,390.6250,0.381470,100000,1000,100000,12.879157,11.818517,0.128792,100000,11.750366,11.496813,0.117504,1.096064,100000,10.775989,10.545674,0.107760,1.195172,100000,10.917852,10.776913,0.109179,1.179642,100000,11.595271,11.464272,0.115953,1.110725,100000,91.463985,89.691476,0.914640,0.140811,100000,46.575339,44.417763,0.465753,0.276523,100000,12.262349,11.932756,0.122623,1.050301,100000,12.241768,11.908917,0.122418,1.052067
120000,480000,468.7500,0.457764,120000,1000,120000,14.701945,14.088144,0.122516,120000,13.689564,12.541748,0.114080,1.073953,120000,12.559370,11.900665,0.104661,1.170596,120000,12.967583,12.829946,0.108063,1.133746,120000,13.750422,12.638318,0.114587,1.069200,120000,109.008825,105.183141,0.908407,0.134869,120000,54.468173,53.029650,0.453901,0.269918,120000,14.664634,14.456866,0.122205,1.002544,120000,14.373589,13.313840,0.119780,1.022844
140000,560000,546.8750,0.534058,140000,1000,140000,17.070979,16.626714,0.121936,140000,15.837659,15.596546,0.113126,1.077873,140000,15.084515,14.898119,0.107747,1.131689,140000,15.260297,15.095853,0.109002,1.118653,140000,16.389480,15.656992,0.117068,1.041581,140000,127.622541,123.974705,0.911590,0.133761,140000,66.344650,63.917411,0.473890,0.257308,140000,17.919233,17.542178,0.127995,0.952662,140000,17.340498,16.184890,0.123861,0.984457
160000,640000,625.0000,0.610352,160000,1000,160000,19.936211,19.667113,0.124601,160000,18.668131,18.378245,0.116676,1.067928,160000,17.245210,17.059799,0.107783,1.156043,160000,17.539170,16.730477,0.109620,1.136668,160000,19.091679,18.622786,0.119323,1.044236,160000,150.580840,147.551888,0.941130,0.132395,160000,75.606908,74.640198,0.472543,0.263682,160000,19.969939,19.433990,0.124812,0.998311,160000,19.362867,19.003164,0.121018,1.029611
180000,720000,703.1250,0.686646,180000,1000,180000,21.995024,20.897258,0.122195,180000,20.892186,20.260207,0.116068,1.052787,180000,19.711101,19.147660,0.109506,1.115870,180000,20.560439,19.827328,0.114225,1.069774,180000,21.377935,21.101574,0.118766,1.028866,180000,169.547471,168.215354,0.941930,0.129728,180000,85.523303,83.614394,0.475129,0.257182,180000,21.700106,21.485575,0.120556,1.013591,180000,21.312368,19.664406,0.118402,1.032031
200000,800000,781.2500,0.762939,200000,1000,200000,23.969069,23.113865,0.119845,200000,22.342254,21.826399,0.111711,1.072813,200000,21.093619,20.660294,0.105468,1.136318,200000,21.591484,21.194964,0.107957,1.110117,200000,23.180356,22.439328,0.115902,1.034025,200000,187.827106,185.913591,0.939136,0.127612,200000,99.269790,97.680210,0.496349,0.241454,200000,24.726319,23.205000,0.123632,0.969375,200000,24.484666,24.163992,0.122423,0.978942
220000,880000,859.3750,0.839233,220000,1000,220000,26.690698,26.342797,0.121321,220000,24.865636,24.163612,0.113026,1.073397,220000,23.620130,23.130833,0.107364,1.129998,220000,23.594876,22.193459,0.107249,1.131207,220000,25.327319,24.529799,0.115124,1.053830,220000,201.877705,196.889405,0.917626,0.132212,220000,110.673921,109.470373,0.503063,0.241165,220000,27.301246,26.590314,0.124097,0.977637,220000,26.441215,26.131656,0.120187,1.009435
240000,960000,937.5000,0.915527,240000,1000,240000,28.961337,27.926267,0.120672,240000,27.282792,26.850884,0.113678,1.061524,240000,25.602367,23.951882,0.106677,1.131198,240000,26.304096,25.457879,0.109600,1.101020,240000,28.161984,27.625523,0.117342,1.028384,240000,218.293678,215.746131,0.909557,0.132671,240000,122.664958,121.252644,0.511104,0.236101,240000,29.201786,28.897600,0.121674,0.991766,240000,28.653590,28.095811,0.119390,1.010740
260000,1040000,1015.6250,0.991821,260000,1000,260000,31.634368,30.310998,0.121671,260000,29.699185,29.165706,0.114228,1.065159,260000,27.555512,26.206801,0.105983,1.148023,260000,28.657394,27.145529,0.110221,1.103882,260000,30.871671,28.964655,0.118737,1.024705,260000,242.111559,237.601846,0.931198,0.130660,260000,137.936304,133.462634,0.530524,0.229340,260000,32.055704,30.609364,0.123291,0.986856,260000,31.770999,30.904810,0.122196,0.995700
280000,1120000,1093.7500,1.068115,280000,200,280000,6.788331,6.263781,0.121220,280000,6.545679,6.341166,0.116887,1.037071,280000,5.982862,5.941145,0.106837,1.134629,280000,6.198866,6.107049,0.110694,1.095092,280000,6.596323,6.426480,0.117791,1.029108,280000,51.893869,50.855014,0.926676,0.130812,280000,31.357423,30.789294,0.559954,0.216482,280000,6.911749,6.524497,0.123424,0.982144,280000,6.753860,6.685829,0.120605,1.005104
300000,1200000,1171.8750,1.144409,300000,200,300000,7.393658,7.083812,0.123228,300000,6.897094,6.738820,0.114952,1.071996,300000,6.565095,6.487355,0.109418,1.126207,300000,6.908248,6.481107,0.115137,1.070265,300000,7.039780,6.437372,0.117330,1.050268,300000,55.095926,52.995391,0.918265,0.134196,300000,32.741072,31.476991,0.545685,0.225822,300000,7.320435,6.805539,0.122007,1.010003,300000,7.408854,6.830190,0.123481,0.997949
320000,1280000,1250.0000,1.220703,320000,200,320000,8.024658,7.569729,0.125385,320000,7.429844,6.542117,0.116091,1.080057,320000,6.745941,6.202170,0.105405,1.189553,320000,6.915841,6.340404,0.108060,1.160330,320000,7.325408,6.957890,0.114459,1.095455,320000,58.223340,56.342705,0.909740,0.137825,320000,34.854178,33.733279,0.544597,0.230235,320000,7.830719,7.393160,0.122355,1.024766,320000,7.553919,6.949963,0.118030,1.062317
340000,1360000,1328.1250,1.296997,340000,200,340000,7.982665,7.537566,0.117392,340000,7.692585,7.072740,0.113126,1.037709,340000,7.284766,6.731869,0.107129,1.095803,340000,7.350074,6.692141,0.108089,1.086066,340000,7.578796,6.835642,0.111453,1.053289,340000,62.508822,59.549255,0.919247,0.127705,340000,38.553531,36.947822,0.566964,0.207054,340000,8.684688,8.565385,0.127716,0.919165,340000,8.159729,7.698909,0.119996,0.978300
360000,1440000,1406.2500,1.373291,360000,200,360000,9.030187,8.697628,0.125419,360000,8.327156,7.829575,0.115655,1.084426,360000,7.882295,7.754414,0.109476,1.145629,360000,8.009849,7.518001,0.111248,1.127385,360000,8.507967,8.294140,0.118166,1.061380,360000,68.249689,66.880044,0.947912,0.132311,360000,41.989833,39.273798,0.583192,0.215057,360000,9.224809,8.912157,0.128122,0.978902,360000,8.838173,8.778892,0.122752,1.021725
380000,1520000,1484.3750,1.449585,380000,200,380000,9.575903,9.191222,0.125999,380000,8.739528,8.560504,0.114994,1.095700,380000,8.262229,8.065598,0.108714,1.158998,380000,8.847505,8.510869,0.116415,1.082328,380000,8.976267,8.854331,0.118109,1.066802,380000,71.958727,69.227899,0.946825,0.133075,380000,42.812780,41.417136,0.563326,0.223669,380000,9.596149,8.787166,0.126265,0.997890,380000,9.136291,8.715336,0.120214,1.048117
400000,1600000,1562.5000,1.525879,400000,200,400000,9.921981,9.128551,0.124025,400000,8.954513,8.237049,0.111931,1.108042,400000,8.353878,7.968449,0.104423,1.187710,400000,8.495967,7.828578,0.106200,1.167846,400000,8.761350,8.337930,0.109517,1.132472,400000,73.678638,72.631500,0.920983,0.134666,400000,43.427284,42.972187,0.542841,0.228473,400000,9.662540,9.588284,0.120782,1.026850,400000,9.584201,9.358801,0.119803,1.035243
420000,1680000,1640.6250,1.602173,420000,200,420000,10.320988,10.006136,0.122869,420000,9.680841,9.468098,0.115248,1.066125,420000,9.001930,8.854675,0.107166,1.146531,420000,9.323898,8.897641,0.110999,1.106939,420000,9.815732,9.640847,0.116854,1.051474,420000,78.612807,76.730756,0.935867,0.131289,420000,47.818288,46.549801,0.569265,0.215838,420000,10.432949,10.303413,0.124202,0.989269,420000,10.175711,10.043794,0.121139,1.014277
440000,1760000,1718.7500,1.678467,440000,200,440000,10.892106,10.372781,0.123774,440000,10.063815,9.856653,0.114362,1.082304,440000,9.287688,8.799406,0.105542,1.172747,440000,9.660876,9.516137,0.109783,1.127445,440000,10.214985,10.085390,0.116079,1.066287,440000,82.853116,81.737172,0.941513,0.131463,440000,50.220714,48.919710,0.570690,0.216885,440000,11.001164,10.840129,0.125013,0.990087,440000,10.653722,10.549742,0.121065,1.022376
460000,1840000,1796.8750,1.754761,460000,200,460000,11.087965,10.502031,0.120521,460000,10.880782,10.233769,0.118269,1.019041,460000,9.937900,9.746616,0.108021,1.115725,460000,10.073030,9.125023,0.109489,1.100758,460000,10.719342,10.262101,0.116515,1.034389,460000,85.800582,84.104482,0.932615,0.129229,460000,52.470747,50.959941,0.570334,0.211317,460000,11.389391,10.628830,0.123798,0.973535,460000,11.062635,10.343347,0.120246,1.002290
480000,1920000,1875.0000,1.831055,480000,200,480000,11.719962,10.865994,0.122083,480000,10.895607,10.741457,0.113496,1.075659,480000,10.194842,10.066780,0.106196,1.149597,480000,10.582388,10.426253,0.110233,1.107497,480000,11.067293,10.287598,0.115284,1.058973,480000,90.023220,86.911613,0.937742,0.130188,480000,54.594842,53.399062,0.568696,0.214672,480000,11.942528,11.696184,0.124401,0.981364,480000,11.690653,11.546255,0.121778,1.002507
500000,2000000,1953.1250,1.907349,500000,200,500000,12.353731,11.523287,0.123537,500000,11.593372,10.908964,0.115934,1.065586,500000,10.742548,9.955312,0.107425,1.149981,500000,11.093080,10.490970,0.110931,1.113643,500000,11.809180,11.571941,0.118092,1.046113,500000,97.384512,95.469857,0.973845,0.126855,500000,59.487296,58.196953,0.594873,0.207670,500000,12.876643,12.712095,0.128766,0.959391,500000,12.410225,12.311149,0.124102,0.995448
520000,2080000,2031.2500,1.983643,520000,200,520000,13.063662,12.756729,0.125612,520000,12.160983,11.974233,0.116933,1.074227,520000,11.682854,11.368838,0.112335,1.118191,520000,11.871804,10.803522,0.114152,1.100394,520000,12.328297,11.214871,0.118541,1.059649,520000,98.872403,97.458960,0.950696,0.132126,520000,62.060932,60.672560,0.596740,0.210497,520000,13.390682,12.735306,0.128757,0.975579,520000,12.740574,12.571576,0.122506,1.025359
540000,2160000,2109.3750,2.059937,540000,200,540000,13.583222,12.983607,0.125771,540000,12.558017,12.344906,0.116278,1.081637,540000,12.086047,11.052427,0.111908,1.123876,540000,12.131930,11.462737,0.112333,1.119626,540000,12.925462,12.056373,0.119680,1.050889,540000,103.136353,100.097794,0.954966,0.131702,540000,64.374235,60.733734,0.596058,0.211004,540000,14.201670,13.138478,0.131497,0.956452,540000,13.180006,12.456011,0.122037,1.030593
560000,2240000,2187.5000,2.136230,560000,200,560000,13.655060,12.797238,0.121920,560000,12.658125,11.940492,0.113019,1.078759,560000,12.182398,11.909504,0.108771,1.120884,560000,12.452332,12.037017,0.111182,1.096587,560000,13.255425,13.053887,0.118352,1.030149,560000,105.598640,103.718276,0.942845,0.129311,560000,67.502707,65.575482,0.602703,0.202289,560000,14.518837,14.010168,0.129632,0.940506,560000,13.811278,13.073729,0.123315,0.988689
580000,2320000,2265.6250,2.212524,580000,200,580000,14.206740,13.406074,0.122472,580000,13.528727,13.114373,0.116627,1.050117,580000,12.571864,11.866703,0.108378,1.130042,580000,12.828318,12.721823,0.110589,1.107451,580000,13.810059,13.543639,0.119052,1.028724,580000,109.490244,107.463035,0.943881,0.129753,580000,68.155264,65.872398,0.587545,0.208447,580000,14.826468,14.602504,0.127814,0.958201,580000,14.181928,13.931209,0.122258,1.001750
600000,2400000,2343.7500,2.288818,600000,200,600000,14.840591,14.573432,0.123672,600000,13.901547,13.641715,0.115846,1.067550,600000,13.032436,12.089835,0.108604,1.138743,600000,13.437353,13.147584,0.111978,1.104428,600000,13.940214,12.786763,0.116168,1.064588,600000,113.027501,111.078822,0.941896,0.131301,600000,69.889584,69.345956,0.582413,0.212343,600000,15.346015,14.415488,0.127883,0.967065,600000,14.765429,14.487315,0.123045,1.005090
620000,2480000,2421.8750,2.365112,620000,200,620000,15.329113,14.570082,0.123622,620000,14.243858,14.079106,0.114870,1.076191,620000,13.343052,12.793892,0.107605,1.148846,620000,14.018880,12.698280,0.113055,1.093462,620000,14.724312,14.395802,0.118744,1.041075,620000,124.724324,120.369882,1.005841,0.122904,620000,77.576082,72.521519,0.625614,0.197601,620000,17.499146,16.670093,0.141122,0.875992,620000,16.128924,15.711860,0.130072,0.950411
640000,2560000,2500.0000,2.441406,640000,200,640000,16.576650,15.972547,0.129505,640000,15.153283,14.781378,0.118385,1.093931,640000,14.074016,13.788295,0.109953,1.177819,640000,14.506841,14.342242,0.113335,1.142678,640000,15.303836,14.266713,0.119561,1.083170,640000,123.533076,120.283855,0.965102,0.134188,640000,79.464075,78.431460,0.620813,0.208606,640000,16.995324,16.609158,0.132776,0.975365,640000,17.685087,16.683268,0.138165,0.937324
660000,2640000,2578.1250,2.517700,660000,200,660000,18.591358,17.359226,0.140844,660000,16.034451,15.003102,0.121473,1.159463,660000,14.886421,13.571923,0.112776,1.248880,660000,15.082538,14.889451,0.114262,1.232641,660000,16.034330,14.773938,0.121472,1.159472,660000,128.256159,126.337386,0.971638,0.144955,660000,79.677317,77.994344,0.603616,0.233333,660000,17.384910,16.977421,0.131704,1.069396,660000,16.124453,15.604792,0.122155,1.152992
680000,2720000,2656.2500,2.593994,680000,200,680000,16.686471,16.111186,0.122695,680000,15.806820,15.690418,0.116227,1.055650,680000,15.084469,14.158419,0.110915,1.106202,680000,15.426225,14.852165,0.113428,1.081695,680000,16.446416,15.342537,0.120930,1.014596,680000,134.345533,131.268664,0.987835,0.124206,680000,85.268945,83.724359,0.626978,0.195692,680000,18.191693,17.616274,0.133762,0.917258,680000,17.541068,17.227900,0.128978,0.951280
700000,2800000,2734.3750,2.670288,700000,200,700000,17.586165,17.431405,0.125615,700000,16.477120,16.011915,0.117694,1.067308,700000,15.739893,15.538609,0.112428,1.117299,700000,16.105125,15.425266,0.115037,1.091961,700000,16.790049,15.842441,0.119929,1.047416,700000,137.797175,135.192370,0.984266,0.127624,700000,89.553204,87.137881,0.639666,0.196377,700000,18.410612,17.933058,0.131504,0.955219,700000,17.851638,17.222916,0.127512,0.985129
720000,2880000,2812.5000,2.746582,720000,200,720000,18.203083,17.834491,0.126410,720000,16.861702,15.892168,0.117095,1.079552,720000,15.996870,15.252784,0.111089,1.137915,720000,16.417130,15.449630,0.114008,1.108786,720000,17.842954,16.517480,0.123909,1.020183,720000,143.539515,140.458436,0.996802,0.126816,720000,92.892535,91.058557,0.645087,0.195959,720000,18.931560,18.456425,0.131469,0.961520,720000,18.274890,18.127541,0.126909,0.996071
740000,2960000,2890.6250,2.822876,740000,200,740000,18.940399,18.730716,0.127976,740000,17.804141,17.635989,0.120298,1.063820,740000,16.590564,16.196376,0.112098,1.141637,740000,17.034090,15.855408,0.115095,1.111911,740000,17.938911,17.320387,0.121209,1.055828,740000,150.534887,145.277724,1.017128,0.125821,740000,95.640314,94.587953,0.646218,0.198038,740000,19.216944,18.347041,0.129844,0.985609,740000,19.024089,17.799305,0.128541,0.995601
760000,3040000,2968.7500,2.899170,760000,200,760000,19.349315,18.838653,0.127298,760000,18.132169,17.876453,0.119291,1.067126,760000,17.055761,16.535787,0.112209,1.134474,760000,17.551292,17.223208,0.115469,1.102444,760000,18.427676,18.081695,0.121235,1.050014,760000,151.041528,147.838349,0.993694,0.128106,760000,98.334376,96.301881,0.646937,0.196771,760000,19.588689,19.293382,0.128873,0.987780,760000,18.839477,18.245912,0.123944,1.027062
780000,3120000,3046.8750,2.975464,780000,200,780000,19.994862,19.677367,0.128172,780000,18.824056,18.257306,0.120667,1.062197,780000,17.487816,17.341997,0.112101,1.143360,780000,17.808566,17.658504,0.114157,1.122767,780000,18.674890,17.860705,0.119711,1.070682,780000,149.541506,146.831238,0.958599,0.133708,780000,113.027864,107.710948,0.724538,0.176902,780000,22.008515,20.971805,0.141080,0.908506,780000,21.754137,21.384469,0.139450,0.919129
800000,3200000,3125.0000,3.051758,800000,200,800000,21.402371,20.356038,0.133765,800000,19.070806,17.618570,0.119193,1.122258,800000,18.095787,17.794060,0.113099,1.182727,800000,18.435035,17.716814,0.115219,1.160962,800000,19.521094,18.794585,0.122007,1.096371,800000,157.533531,154.276078,0.984585,0.135859,800000,101.910865,100.596730,0.636943,0.210011,800000,20.684192,20.458898,0.129276,1.034721,800000,20.078290,19.377553,0.125489,1.065946
820000,3280000,3203.1250,3.128052,820000,200,820000,20.594533,20.491423,0.125576,820000,19.524669,19.231475,0.119053,1.054795,820000,18.304316,17.227085,0.111612,1.125119,820000,18.788747,17.648735,0.114566,1.096110,820000,20.853942,19.983642,0.127158,0.987561,820000,165.584143,161.327982,1.009659,0.124375,820000,108.725308,107.263497,0.662959,0.189418,820000,21.547836,20.944177,0.131389,0.955759,820000,20.489039,19.824211,0.124933,1.005149
840000,3360000,3281.2500,3.204346,840000,200,840000,21.346700,21.240668,0.127064,840000,20.036894,19.328259,0.119267,1.065370,840000,18.892234,17.425963,0.112454,1.129919,840000,19.482547,18.010397,0.115968,1.095683,840000,20.723711,20.103634,0.123355,1.030062,840000,165.992369,162.511937,0.988050,0.128600,840000,110.784177,108.868286,0.659430,0.192687,840000,21.698923,20.784909,0.129160,0.983768,840000,21.134423,19.586537,0.125800,1.010044
860000,3440000,3359.3750,3.280640,860000,200,860000,22.452854,21.868613,0.130540,860000,20.336321,19.119605,0.118234,1.104076,860000,19.180549,18.587508,0.111515,1.170605,860000,19.515097,18.652766,0.113460,1.150538,860000,20.888298,20.108114,0.121444,1.074901,860000,168.214458,164.334892,0.977991,0.133478,860000,114.661276,110.165439,0.666635,0.195819,860000,22.459378,21.607397,0.130578,0.999710,860000,21.899849,20.736087,0.127325,1.025252
880000,3520000,3437.5000,3.356934,880000,200,880000,22.943189,22.284945,0.130359,880000,21.573594,20.584086,0.122577,1.063485,880000,20.467307,20.086053,0.116292,1.120968,880000,20.345168,19.610105,0.115598,1.127697,880000,21.709655,21.147120,0.123350,1.056820,880000,174.199991,171.610300,0.989773,0.131706,880000,117.044824,115.547546,0.665027,0.196021,880000,22.827355,21.262238,0.129701,1.005074,880000,22.127126,21.034819,0.125722,1.036881
900000,3600000,3515.6250,3.433228,900000,200,900000,22.919923,21.784684,0.127333,900000,21.371468,19.837400,0.118730,1.072454,900000,20.107475,19.501180,0.111708,1.139871,900000,20.364647,19.696793,0.113137,1.125476,900000,22.228210,20.956099,0.123490,1.031119,900000,178.740715,174.638547,0.993004,0.128230,900000,117.662645,115.796741,0.653681,0.194794,900000,22.673086,21.428660,0.125962,1.010887,900000,22.660886,22.132217,0.125894,1.011431
920000,3680000,3593.7500,3.509521,920000,200,920000,23.180229,22.678462,0.125980,920000,21.568954,21.059525,0.117223,1.074703,920000,20.489451,20.284745,0.111356,1.131325,920000,21.088430,19.776260,0.114611,1.099192,920000,22.512276,22.126561,0.122349,1.029671,920000,178.714545,174.140775,0.971275,0.129705,920000,121.696637,118.588397,0.661395,0.190476,920000,23.496603,22.741050,0.127699,0.986535,920000,22.970828,21.731422,0.124841,1.009116
940000,3760000,3671.8750,3.585815,940000,200,940000,23.316942,22.126442,0.124026,940000,22.191481,21.955319,0.118040,1.050716,940000,20.664076,20.096764,0.109915,1.128381,940000,21.252987,20.723640,0.113048,1.097114,940000,22.664245,21.991688,0.120554,1.028799,940000,179.976496,177.876069,0.957322,0.129555,940000,120.999827,115.822890,0.643616,0.192702,940000,24.316801,22.719690,0.129345,0.958882,940000,23.575768,22.912774,0.125403,0.989022
960000,3840000,3750.0000,3.662109,960000,200,960000,23.652412,22.639020,0.123190,960000,22.786655,22.666034,0.118680,1.037994,960000,21.228029,20.458096,0.110563,1.114207,960000,21.749078,20.714220,0.113276,1.087513,960000,23.048667,21.216971,0.120045,1.026194,960000,181.698026,178.457076,0.946344,0.130174,960000,123.710379,119.891054,0.644325,0.191192,960000,25.214427,24.009500,0.131325,0.938051,960000,24.419120,23.844030,0.127183,0.968602
980000,3920000,3828.1250,3.738403,980000,200,980000,24.667797,23.851879,0.125856,980000,22.754070,22.145945,0.116092,1.084105,980000,22.071787,20.586066,0.112611,1.117617,980000,22.511022,21.745649,0.114852,1.095810,980000,23.773701,21.929654,0.121294,1.037609,980000,189.183496,185.845195,0.965222,0.130391,980000,125.998645,122.929231,0.642850,0.195778,980000,25.033353,23.899487,0.127721,0.985397,980000,24.412206,23.432030,0.124552,1.010470
1000000,4000000,3906.2500,3.814697,1000000,200,1000000,24.856457,23.870636,0.124282,1000000,23.645248,22.351030,0.118226,1.051224,1000000,22.109374,21.953421,0.110547,1.124250,1000000,22.245113,20.797947,0.111226,1.117390,1000000,24.669017,23.050258,0.123345,1.007598,1000000,197.472341,193.655023,0.987362,0.125873,1000000,135.064613,131.737796,0.675323,0.184034,1000000,25.848775,25.340483,0.129244,0.961611,1000000,25.219498,25.019183,0.126097,0.985605
1200000,4800000,4687.5000,4.577637,1200000,50,1200000,7.619127,6.917043,0.126985,1200000,7.193608,7.057635,0.119893,1.059152,1200000,6.703262,6.637540,0.111721,1.136630,1200000,7.015435,6.912505,0.116924,1.086052,1200000,7.451160,7.278791,0.124186,1.022542,1200000,58.421928,56.709326,0.973699,0.130416,1200000,41.378696,39.261577,0.689645,0.184132,1200000,8.022381,7.952656,0.133706,0.949734,1200000,7.681333,7.518881,0.128022,0.991902
1400000,5600000,5468.7500,5.340576,1400000,50,1400000,9.060783,8.407653,0.129440,1400000,8.314262,8.216781,0.118775,1.089788,1400000,7.797378,7.751297,0.111391,1.162029,1400000,8.063983,8.013323,0.115200,1.123611,1400000,8.678642,7.919235,0.123981,1.044032,1400000,70.241404,69.359912,1.003449,0.128995,1400000,51.355230,50.128133,0.733646,0.176434,1400000,9.706995,9.364222,0.138671,0.933428,1400000,9.263781,9.142802,0.132340,0.978087
1600000,6400000,6250.0000,6.103516,1600000,50,1600000,10.667537,10.086736,0.133344,1600000,9.834872,9.066459,0.122936,1.084665,1600000,9.574782,9.148730,0.119685,1.114128,1600000,9.620313,9.475740,0.120254,1.108856,1600000,10.380078,10.110321,0.129751,1.027693,1600000,82.049997,79.996034,1.025625,0.130013,1600000,62.642638,61.678313,0.783033,0.170292,1600000,11.068851,10.698095,0.138361,0.963744,1600000,10.736994,10.027486,0.134212,0.993531
1800000,7200000,7031.2500,6.866455,1800000,50,1800000,12.008557,11.254574,0.133428,1800000,11.201138,10.683477,0.124457,1.072084,1800000,10.745785,10.491914,0.119398,1.117513,1800000,10.985515,10.806946,0.122061,1.093126,1800000,11.575535,11.350495,0.128617,1.037408,1800000,90.346929,88.201782,1.003855,0.132916,1800000,75.878334,73.495589,0.843093,0.158261,1800000,12.681632,11.130998,0.140907,0.946925,1800000,12.027012,11.692452,0.133633,0.998465
2000000,8000000,7812.5000,7.629395,2000000,50,2000000,13.449445,12.977380,0.134494,2000000,12.527511,12.276604,0.125275,1.073593,2000000,11.826412,11.629376,0.118264,1.137238,2000000,12.023668,11.308023,0.120237,1.118581,2000000,12.905857,11.324896,0.129059,1.042119,2000000,99.778511,95.944319,0.997785,0.134793,2000000,86.655420,83.927881,0.866554,0.155206,2000000,15.222374,13.601394,0.152224,0.883531,2000000,13.276002,12.922764,0.132760,1.013064
2097152,8388608,8192.0000,8.000000,2097152,50,2097152,14.454390,13.992426,0.137848,2097152,13.933740,13.339231,0.132882,1.037366,2097152,12.808988,12.469662,0.122156,1.128457,2097152,12.832764,11.923979,0.122383,1.126366,2097152,13.147435,12.149782,0.125384,1.099408,2097152,101.111821,98.813317,0.964277,0.142954,2097152,94.013714,90.876144,0.896585,0.153748,2097152,15.059104,14.360290,0.143615,0.959844,2097152,15.642172,14.533014,0.149175,0.924065
2200000,8800000,8593.7500,8.392334,2200000,50,2200000,14.841241,14.327120,0.134920,2200000,13.665797,13.257316,0.124235,1.086014,2200000,13.022955,12.835403,0.118390,1.139622,2200000,13.059224,11.662263,0.118720,1.136457,2200000,14.272330,13.891855,0.129748,1.039861,2200000,108.362618,105.695524,0.985115,0.136959,2200000,108.803795,104.077684,0.989125,0.136404,2200000,16.040361,15.606380,0.145821,0.925244,2200000,14.625791,13.863477,0.132962,1.014731
2400000,9600000,9375.0000,9.155273,2400000,50,2400000,16.680942,15.978192,0.139008,2400000,15.481229,15.098143,0.129010,1.077495,2400000,14.517048,14.128723,0.120975,1.149059,2400000,13.881088,13.602398,0.115676,1.201703,2400000,14.848523,13.806379,0.123738,1.123407,2400000,115.567323,114.459271,0.963061,0.144340,2400000,122.643162,117.060563,1.022026,0.136012,2400000,17.044642,16.622864,0.142039,0.978662,2400000,16.187696,15.046478,0.134897,1.030470
2500000,10000000,9765.6250,9.536743,2500000,50,2500000,18.019986,16.958207,0.144160,2500000,17.271726,16.457418,0.138174,1.043323,2500000,16.739223,15.198058,0.133914,1.076513,2500000,15.148341,14.741828,0.121187,1.189568,2500000,15.312740,14.819863,0.122502,1.176797,2500000,120.431442,115.853273,0.963452,0.149629,2500000,131.632078,128.031906,1.053057,0.136897,2500000,18.663742,17.629415,0.149310,0.965508,2500000,17.364852,14.716988,0.138919,1.037728
2600000,10400000,10156.2500,9.918213,2600000,50,2600000,17.959971,17.324084,0.138154,2600000,16.231510,15.816215,0.124858,1.106488,2600000,15.904706,15.088342,0.122344,1.129224,2600000,15.321216,15.024694,0.117856,1.172229,2600000,15.986596,14.943382,0.122974,1.123439,2600000,129.284671,126.059272,0.994497,0.138918,2600000,141.095055,137.227367,1.085347,0.127290,2600000,18.902157,18.189586,0.145401,0.950155,2600000,18.118721,16.482447,0.139375,0.991238
2800000,11200000,10937.5000,10.681152,2800000,50,2800000,19.234594,18.057110,0.137390,2800000,18.016097,17.712603,0.128686,1.067634,2800000,17.108537,16.320993,0.122204,1.124269,2800000,17.282883,16.741342,0.123449,1.112927,2800000,18.630471,17.685426,0.133075,1.032427,2800000,141.125177,139.469783,1.008037,0.136295,2800000,165.000439,161.400677,1.178575,0.116573,2800000,21.470015,19.637719,0.153357,0.895882,2800000,19.024315,17.685145,0.135888,1.011053
3000000,12000000,11718.7500,11.444092,3000000,50,3000000,20.595692,19.952540,0.137305,3000000,19.227328,18.454825,0.128182,1.071168,3000000,18.548932,17.859013,0.123660,1.110344,3000000,18.577076,18.201590,0.123847,1.108662,3000000,19.111824,18.790488,0.127412,1.077641,3000000,150.798092,148.721971,1.005321,0.136578,3000000,188.184647,182.797583,1.254564,0.109444,3000000,22.009084,21.586898,0.146727,0.935781,3000000,20.423735,19.370755,0.136158,1.008419
3200000,12800000,12500.0000,12.207031,3200000,50,3200000,22.053251,21.084723,0.137833,3200000,20.461924,19.509009,0.127887,1.077770,3200000,20.070400,19.317667,0.125440,1.098795,3200000,19.551022,18.176301,0.122194,1.127985,3200000,20.142260,19.034111,0.125889,1.094875,3200000,155.998415,153.274098,0.974990,0.141368,3200000,207.704947,201.823237,1.298156,0.106176,3200000,23.221434,22.637023,0.145134,0.949694,3200000,22.014183,20.608062,0.137589,1.001775
3400000,13600000,13281.2500,12.969971,3400000,50,3400000,24.319586,23.460955,0.143056,3400000,23.032264,22.413601,0.135484,1.055892,3400000,22.868756,20.857162,0.134522,1.063442,3400000,22.267155,20.684761,0.130983,1.092173,3400000,22.388397,22.019036,0.131696,1.086258,3400000,167.306775,161.415875,0.984157,0.145359,3400000,225.488893,221.322668,1.326405,0.107853,3400000,27.817741,26.012254,0.163634,0.874247,3400000,25.223701,22.885674,0.148375,0.964156
3600000,14400000,14062.5000,13.732910,3600000,50,3600000,28.104622,26.038854,0.156137,3600000,25.963130,24.192604,0.144240,1.082482,3600000,25.354251,23.430306,0.140857,1.108478,3600000,24.358356,22.540381,0.135324,1.153798,3600000,25.260596,23.072411,0.140337,1.112587,3600000,174.709778,169.048686,0.970610,0.160865,3600000,243.724748,237.478517,1.354026,0.115313,3600000,30.147059,28.114071,0.167484,0.932251,3600000,30.129586,27.746326,0.167387,0.932792
3800000,15200000,14843.7500,14.495850,3800000,50,3800000,33.133408,30.224617,0.174386,3800000,31.633998,29.053154,0.166495,1.047399,3800000,33.360229,28.143699,0.175580,0.993201,3800000,27.526669,26.909155,0.144877,1.203684,3800000,27.119512,25.932866,0.142734,1.221755,3800000,188.133655,185.588849,0.990177,0.176116,3800000,262.979504,258.674934,1.384103,0.125992,3800000,32.774636,31.131394,0.172498,1.010947,3800000,31.813103,30.423345,0.167437,1.041502
4000000,16000000,15625.0000,15.258789,4000000,50,4000000,36.727772,32.627670,0.183639,4000000,37.997730,33.126087,0.189989,0.966578,4000000,34.145430,30.185123,0.170727,1.075628,4000000,33.051683,28.012437,0.165258,1.111222,4000000,28.412411,27.024714,0.142062,1.292667,4000000,195.154765,191.309105,0.975774,0.188198,4000000,284.188246,270.418957,1.420941,0.129237,4000000,35.226246,33.080308,0.176131,1.042625,4000000,36.870779,30.962078,0.184354,0.996121
4200000,16800000,16406.2500,16.021729,4200000,10,4200000,7.520642,6.830922,0.179063,4200000,7.385473,6.315936,0.175845,1.018302,4200000,7.002873,6.542976,0.166735,1.073937,4200000,6.399193,5.798828,0.152362,1.175248,4200000,6.174294,5.795859,0.147007,1.218057,4200000,40.825348,40.523928,0.972032,0.184215,4200000,138.337423,134.688050,3.293748,0.054364,4200000,9.555467,7.101460,0.227511,0.787051,4200000,8.179698,6.624203,0.194755,0.919428
4400000,17600000,17187.5000,16.784668,4400000,10,4400000,8.920743,7.009461,0.202744,4400000,8.674439,7.495360,0.197146,1.028394,4400000,7.716482,6.675828,0.175375,1.156063,4400000,6.855052,6.168503,0.155797,1.301339,4400000,6.796587,6.103083,0.154468,1.312533,4400000,42.820780,41.373742,0.973200,0.208327,4400000,147.500500,144.734672,3.352284,0.060479,4400000,9.993409,8.911827,0.227123,0.892663,4400000,9.161516,7.335887,0.208216,0.973719
4600000,18400000,17968.7500,17.547607,4600000,10,4600000,9.193865,8.585671,0.199867,4600000,8.796545,8.086160,0.191229,1.045168,4600000,8.609616,7.995912,0.187166,1.067860,4600000,7.628145,7.145795,0.165829,1.205256,4600000,6.871166,6.752761,0.149373,1.338036,4600000,45.419079,43.030033,0.987371,0.202423,4600000,151.031941,148.690832,3.283303,0.060874,4600000,11.381400,9.127947,0.247422,0.807797,4600000,9.183794,8.179586,0.199648,1.001097
4800000,19200000,18750.0000,18.310547,4800000,10,4800000,10.926741,9.805494,0.227640,4800000,10.597501,9.119765,0.220781,1.031068,4800000,9.538834,8.634813,0.198726,1.145501,4800000,9.265521,7.431554,0.193032,1.179291,4800000,7.693678,7.466418,0.160285,1.420223,4800000,46.937222,46.035868,0.977859,0.232795,4800000,161.533091,156.393797,3.365273,0.067644,4800000,10.957004,10.306294,0.228271,0.997238,4800000,12.579140,10.787703,0.262065,0.868640
5000000,20000000,19531.2500,19.073486,5000000,10,5000000,12.010024,10.478100,0.240200,5000000,10.851348,10.135353,0.217027,1.106777,5000000,11.086654,9.792142,0.221733,1.083287,5000000,9.456881,8.825399,0.189138,1.269977,5000000,9.202254,8.409815,0.184045,1.305118,5000000,50.420423,48.531218,1.008408,0.238198,5000000,170.500389,166.119220,3.410008,0.070440,5000000,11.847739,11.229590,0.236955,1.013697,5000000,12.147597,10.867003,0.242952,0.988675
5200000,20800000,20312.5000,19.836426,5200000,10,5200000,13.186098,10.703702,0.253579,5200000,11.912298,10.756330,0.229083,1.106932,5200000,11.564055,10.748836,0.222386,1.140266,5200000,9.697311,9.135322,0.186487,1.359768,5200000,8.960908,8.540327,0.172325,1.471514,5200000,52.530761,51.114719,1.010207,0.251017,5200000,174.915932,172.975745,3.363768,0.075385,5200000,12.415122,11.642490,0.238752,1.062100,5200000,14.039303,13.106462,0.269987,0.939227
5400000,21600000,21093.7500,20.599365,5400000,10,5400000,12.999642,11.783752,0.240734,5400000,12.610934,12.064648,0.233536,1.030823,5400000,14.429346,12.616152,0.267210,0.900917,5400000,11.119377,10.186371,0.205914,1.169098,5400000,9.050440,8.677617,0.167601,1.436355,5400000,54.481288,51.970588,1.008913,0.238607,5400000,184.742197,178.902572,3.421152,0.070366,5400000,15.307450,14.239006,0.283471,0.849236,5400000,14.948488,14.077791,0.276824,0.869629
5600000,22400000,21875.0000,21.362305,5600000,10,5600000,15.220351,14.471628,0.271792,5600000,15.335974,14.801597,0.273857,0.992461,5600000,15.998890,14.166777,0.285694,0.951338,5600000,10.975239,10.454397,0.195986,1.386790,5600000,9.965235,9.288160,0.177951,1.527345,5600000,57.903153,55.002694,1.033985,0.262859,5600000,190.729741,186.823984,3.405888,0.079801,5600000,16.119178,15.167875,0.287842,0.944239,5600000,15.626719,14.878395,0.279049,0.973995
5800000,23200000,22656.2500,22.125244,5800000,10,5800000,15.112277,13.573037,0.260557,5800000,15.227952,14.652049,0.262551,0.992404,5800000,14.989309,13.719842,0.258436,1.008204,5800000,12.222242,11.221258,0.210728,1.236457,5800000,10.502657,10.024825,0.181080,1.438900,5800000,58.283445,57.442828,1.004887,0.259289,5800000,198.493887,193.152981,3.422308,0.076135,5800000,17.144490,15.995970,0.295595,0.881466,5800000,16.918435,15.890661,0.291697,0.893243
6000000,24000000,23437.5000,22.888184,6000000,10,6000000,18.077058,17.481319,0.301284,6000000,16.773899,15.857524,0.279565,1.077690,6000000,16.753920,15.535543,0.279232,1.078975,6000000,13.272943,12.441807,0.221216,1.361948,6000000,11.672501,11.090269,0.194542,1.548688,6000000,61.154711,60.160395,1.019245,0.295596,6000000,205.366792,201.801281,3.422780,0.088023,6000000,16.066034,15.614751,0.267767,1.125172,6000000,15.927834,15.406676,0.265464,1.134935
6200000,24800000,24218.7500,23.651123,6200000,10,6200000,16.286801,15.404962,0.262690,6200000,18.428968,17.005669,0.297241,0.883761,6200000,18.211928,17.107001,0.293741,0.894293,6200000,14.293890,13.911665,0.230547,1.139424,6200000,12.675813,12.093604,0.204449,1.284872,6200000,63.485900,62.128433,1.023966,0.256542,6200000,214.915747,211.438275,3.466383,0.075782,6200000,19.371414,18.656171,0.312442,0.840765,6200000,18.647001,17.872312,0.300758,0.873427
6400000,25600000,25000.0000,24.414062,6400000,10,6400000,19.214215,18.530293,0.300222,6400000,18.760163,18.253427,0.293128,1.024203,6400000,18.780407,18.468496,0.293444,1.023099,6400000,15.025627,14.396503,0.234775,1.278763,6400000,12.922293,12.617194,0.201911,1.486904,6400000,67.548617,65.940775,1.055447,0.284450,6400000,228.347238,222.318321,3.567926,0.084145,6400000,20.352358,19.152320,0.318006,0.944078,6400000,19.945428,18.790920,0.311647,0.963339
6600000,26400000,25781.2500,25.177002,6600000,10,6600000,20.637671,20.001196,0.312692,6600000,20.475042,19.962497,0.310228,1.007943,6600000,19.904682,19.510401,0.301586,1.036825,6600000,15.907914,15.447810,0.241029,1.297321,6600000,13.692617,13.276172,0.207464,1.507212,6600000,68.797140,66.243672,1.042381,0.299979,6600000,238.240909,234.134279,3.609711,0.086625,6600000,20.443455,19.255510,0.309749,1.009500,6600000,20.221968,19.858560,0.306393,1.020557
6800000,27200000,26562.5000,25.939941,6800000,10,6800000,21.072051,20.620915,0.309883,6800000,21.567194,20.339344,0.317165,0.977042,6800000,20.585021,20.091680,0.302721,1.023659,6800000,16.984091,16.065430,0.249766,1.240693,6800000,13.850747,13.606010,0.203687,1.521366,6800000,69.878853,68.145792,1.027630,0.301551,6800000,244.793205,239.057568,3.599900,0.086081,6800000,21.417252,20.965196,0.314960,0.983882,6800000,20.847706,20.535738,0.306584,1.010761
7000000,28000000,27343.7500,26.702881,7000000,10,7000000,22.095003,21.207143,0.315643,7000000,21.580972,20.902577,0.308300,1.023819,7000000,21.775780,20.734560,0.311083,1.014660,7000000,17.394080,16.782397,0.248487,1.270260,7000000,14.890317,14.544836,0.212719,1.483850,7000000,71.248937,69.151844,1.017842,0.310110,7000000,247.579830,244.433217,3.536855,0.089244,7000000,22.009301,21.578826,0.314419,1.003894,7000000,21.670691,21.130665,0.309581,1.019580
7200000,28800000,28125.0000,27.465820,7200000,10,7200000,22.511807,22.167108,0.312664,7200000,22.408653,21.983962,0.311231,1.004603,7200000,22.474960,21.688562,0.312152,1.001639,7200000,17.552562,16.806829,0.243786,1.282537,7200000,15.227341,14.766523,0.211491,1.478381,7200000,73.438777,71.431954,1.019983,0.306538,7200000,261.482808,258.961619,3.631706,0.086093,7200000,22.856007,22.274624,0.317445,0.984940,7200000,22.581254,22.053977,0.313629,0.996925
7400000,29600000,28906.2500,28.228760,7400000,10,7400000,23.207813,22.585000,0.313619,7400000,22.789774,20.673365,0.307970,1.018343,7400000,23.378590,22.416090,0.315927,0.992695,7400000,18.167876,16.915237,0.245512,1.277409,7400000,15.371772,15.214176,0.207727,1.509768,7400000,75.230089,73.109359,1.016623,0.308491,7400000,273.564243,263.851717,3.696814,0.084835,7400000,24.206287,23.558560,0.327112,0.958751,7400000,23.460621,23.186725,0.317035,0.989224
7600000,30400000,29687.5000,28.991699,7600000,10,7600000,24.373405,23.238865,0.320703,7600000,23.945160,21.380786,0.315068,1.017884,7600000,23.606457,23.325220,0.310611,1.032489,7600000,19.220198,18.643083,0.252897,1.268114,7600000,16.067950,15.743634,0.211420,1.516896,7600000,79.183903,76.413910,1.041893,0.307808,7600000,279.081553,269.603310,3.672126,0.087334,7600000,24.007308,23.476626,0.315886,1.015249,7600000,23.516456,22.905716,0.309427,1.036440
7800000,31200000,30468.7500,29.754639,7800000,10,7800000,23.856906,22.993992,0.305858,7800000,24.150002,21.644787,0.309615,0.987864,7800000,23.987120,23.021258,0.307527,0.994571,7800000,19.032367,18.382661,0.244005,1.253491,7800000,16.340147,16.094367,0.209489,1.460018,7800000,80.825448,78.203674,1.036224,0.295166,7800000,286.045184,281.524134,3.667246,0.083403,7800000,25.072719,24.341262,0.321445,0.951509,7800000,24.549751,24.029212,0.314740,0.971778
8000000,32000000,31250.0000,30.517578,8000000,10,8000000,24.935115,23.353455,0.311689,8000000,25.350175,24.289965,0.316877,0.983627,8000000,24.619161,23.949416,0.307740,1.012834,8000000,19.708559,19.173411,0.246357,1.265192,8000000,17.139384,16.549931,0.214242,1.454843,8000000,84.043535,81.648445,1.050544,0.296693,8000000,295.797381,289.318282,3.697467,0.084298,8000000,25.944429,24.729873,0.324305,0.961097,8000000,24.808688,24.136542,0.310109,1.005096
8200000,32800000,32031.2500,31.280518,8200000,10,8200000,24.532683,22.066864,0.299179,8200000,24.930031,24.373105,0.304025,0.984061,8200000,24.834966,23.873666,0.302865,0.987828,8200000,20.200575,19.976079,0.246348,1.214455,8200000,16.815073,16.215779,0.205062,1.458970,8200000,85.033836,83.088227,1.036998,0.288505,8200000,298.693248,290.741149,3.642601,0.082133,8200000,25.396463,24.984743,0.309713,0.965988,8200000,24.968352,24.530660,0.304492,0.982551
8400000,33600000,32812.5000,32.043457,8400000,10,8400000,26.672040,25.498565,0.317524,8400000,25.050730,24.433086,0.298223,1.064721,8400000,24.598695,23.972699,0.292842,1.084287,8400000,20.066778,19.384442,0.238890,1.329164,8400000,17.968547,16.770989,0.213911,1.484374,8400000,86.368624,84.905176,1.028198,0.308816,8400000,313.707133,307.225841,3.734609,0.085022,8400000,26.428823,25.775466,0.314629,1.009203,8400000,25.965668,25.398513,0.309115,1.027204
8600000,34400000,33593.7500,32.806396,8600000,10,8600000,27.123662,26.004040,0.315391,8600000,26.397722,25.066502,0.306950,1.027500,8600000,25.691521,24.019933,0.298739,1.055744,8600000,20.860796,20.396438,0.242567,1.300222,8600000,18.075446,17.370709,0.210180,1.500581,8600000,88.811274,86.168800,1.032689,0.305408,8600000,312.010048,306.700657,3.628024,0.086932,8600000,26.553083,25.401332,0.308757,1.021488,8600000,25.857390,25.208416,0.300667,1.048971
8800000,35200000,34375.0000,33.569336,8800000,10,8800000,26.460765,25.431907,0.300691,8800000,26.461083,24.972935,0.300694,0.999988,8800000,25.813878,24.878484,0.293340,1.025060,8800000,21.021538,20.542423,0.238881,1.258745,8800000,18.102587,17.459223,0.205711,1.461712,8800000,89.303746,86.679983,1.014815,0.296301,8800000,317.123618,313.278987,3.603677,0.083440,8800000,27.523082,26.096382,0.312762,0.961403,8800000,26.068931,25.349812,0.296238,1.015031
9000000,36000000,35156.2500,34.332275,9000000,10,9000000,26.587087,25.718330,0.295412,9000000,26.074504,25.297562,0.289717,1.019658,9000000,25.765646,24.175207,0.286285,1.031881,9000000,21.671452,20.536098,0.240794,1.226825,9000000,18.276861,17.839716,0.203076,1.454686,9000000,89.537832,86.588350,0.994865,0.296937,9000000,327.703710,321.924205,3.641152,0.081131,9000000,27.065656,26.093881,0.300730,0.982318,9000000,26.412479,24.192584,0.293472,1.006611
9200000,36800000,35937.5000,35.095215,9200000,10,9200000,26.778534,24.877745,0.291071,9200000,25.447287,23.435720,0.276601,1.052314,9200000,26.607506,24.874624,0.289212,1.006428,9200000,21.968715,20.902970,0.238790,1.218939,9200000,18.349042,17.774800,0.199446,1.459397,9200000,93.025902,89.278848,1.011151,0.287861,9200000,345.697564,329.526375,3.757582,0.077462,9200000,28.761514,25.812898,0.312625,0.931054,9200000,28.125915,24.467213,0.305716,0.952095
9400000,37600000,36718.7500,35.858154,9400000,10,9400000,28.926743,25.874106,0.307731,9400000,29.335063,27.796082,0.312075,0.986081,9400000,28.288788,26.918447,0.300945,1.022552,9400000,23.187160,21.103410,0.246672,1.247533,9400000,19.830379,19.242682,0.210961,1.458709,9400000,101.588009,99.374855,1.080724,0.284746,9400000,361.646695,351.057208,3.847305,0.079986,9400000,27.064287,25.726477,0.287918,1.068816,9400000,26.700721,25.960022,0.284050,1.083369
9600000,38400000,37500.0000,36.621094,9600000,10,9600000,27.480749,25.654437,0.286258,9600000,26.426906,24.555342,0.275280,1.039878,9600000,26.583868,25.649555,0.276915,1.033738,9600000,22.765887,21.009475,0.237145,1.207102,9600000,19.416961,18.913775,0.202260,1.415296,9600000,100.300974,98.723431,1.044802,0.273983,9600000,346.213597,342.033340,3.606392,0.079375,9600000,27.920231,27.268452,0.290836,0.984259,9600000,27.223354,25.991421,0.283577,1.009455
9800000,39200000,38281.2500,37.384033,9800000,10,9800000,27.254416,24.951598,0.278106,9800000,27.346239,25.775952,0.279043,0.996642,9800000,27.154776,24.955654,0.277090,1.003669,9800000,21.807266,20.816961,0.222523,1.249786,9800000,19.245904,18.866882,0.196387,1.416115,9800000,97.444061,95.824758,0.994327,0.279693,9800000,362.740554,348.797908,3.701434,0.075135,9800000,27.892921,26.605739,0.284622,0.977109,9800000,28.158187,26.921792,0.287328,0.967904
10000000,40000000,39062.5000,38.146973,10000000,10,10000000,27.586118,26.629230,0.275861,10000000,28.263467,26.148025,0.282635,0.976034,10000000,26.894221,24.641286,0.268942,1.025727,10000000,22.327333,21.244808,0.223273,1.235531,10000000,19.443950,18.915688,0.194439,1.418751,10000000,98.381885,96.322845,0.983819,0.280398,10000000,362.012256,343.575081,3.620123,0.076202,10000000,28.869207,27.690993,0.288692,0.955555,10000000,28.798343,27.989975,0.287983,0.957906
11000000,44000000,42968.7500,41.961670,11000000,10,11000000,29.889428,28.635798,0.271722,11000000,30.359049,28.578295,0.275991,0.984531,11000000,28.870046,28.022413,0.262455,1.035309,11000000,23.472569,22.032570,0.213387,1.273377,11000000,21.337873,20.805075,0.193981,1.400769,11000000,109.503757,107.787069,0.995489,0.272953,11000000,392.228792,384.507434,3.565716,0.076204,11000000,29.112766,28.685064,0.264662,1.026678,11000000,28.502766,27.475410,0.259116,1.048650
12000000,48000000,46875.0000,45.776367,12000000,10,12000000,32.583799,30.266966,0.271532,12000000,30.734753,29.974535,0.256123,1.060161,12000000,30.960870,29.391834,0.258007,1.052419,12000000,24.124528,23.623205,0.201038,1.350650,12000000,22.671823,22.428822,0.188932,1.437194,12000000,117.096392,113.976137,0.975803,0.278265,12000000,420.108713,414.294526,3.500906,0.077560,12000000,31.886886,31.042155,0.265724,1.021856,12000000,31.828202,29.987557,0.265235,1.023740
13000000,52000000,50781.2500,49.591064,13000000,10,13000000,29.920007,28.791150,0.230154,13000000,29.039646,28.219452,0.223382,1.030316,13000000,28.308912,27.151848,0.217761,1.056911,13000000,24.959916,24.105492,0.191999,1.198722,13000000,23.386017,22.767405,0.179892,1.279397,13000000,125.208807,123.396984,0.963145,0.238961,13000000,443.941445,434.242319,3.414934,0.067396,13000000,30.636923,30.044886,0.235669,0.976600,13000000,30.871327,30.417675,0.237472,0.969184
14000000,56000000,54687.5000,53.405762,14000000,10,14000000,33.558118,33.057168,0.239701,14000000,33.614992,32.441172,0.240107,0.998308,14000000,33.157849,31.534138,0.236842,1.012072,14000000,27.571951,27.012811,0.196943,1.217111,14000000,26.461348,25.929779,0.189010,1.268194,14000000,140.660879,138.986752,1.004721,0.238575,14000000,482.673998,477.510167,3.447671,0.069525,14000000,33.908039,33.360552,0.242200,0.989680,14000000,32.760142,32.321951,0.234001,1.024358
15000000,60000000,58593.7500,57.220459,15000000,10,15000000,36.346470,35.305582,0.242310,15000000,34.961759,34.456294,0.233078,1.039606,15000000,34.335956,33.329721,0.228906,1.058554,15000000,29.657737,29.346382,0.197718,1.225531,15000000,28.519266,27.519246,0.190128,1.274453,15000000,144.776256,142.723834,0.965175,0.251053,15000000,507.154841,501.598605,3.381032,0.071667,15000000,36.601639,36.095988,0.244011,0.993028,15000000,35.266650,34.959058,0.235111,1.030619
16000000,64000000,62500.0000,61.035156,16000000,10,16000000,39.909215,39.214913,0.249433,16000000,39.995015,38.821907,0.249969,0.997855,16000000,38.114443,37.011253,0.238215,1.047089,16000000,32.667281,31.906715,0.204171,1.221688,16000000,30.196498,29.756555,0.188728,1.321650,16000000,152.355409,149.751953,0.952221,0.261948,16000000,558.814292,540.868264,3.492589,0.071418,16000000,41.738232,40.735641,0.260864,0.956179,16000000,41.475004,40.246148,0.259219,0.962247
17000000,68000000,66406.2500,64.849854,17000000,3,17000000,13.685235,13.142411,0.268338,17000000,13.389904,12.714925,0.262547,1.022056,17000000,12.815513,12.415549,0.251285,1.067865,17000000,10.388661,10.076498,0.203699,1.317324,17000000,10.342424,9.753761,0.202793,1.323214,17000000,48.479273,47.614484,0.950574,0.282290,17000000,179.835122,174.938046,3.526179,0.076099,17000000,13.064120,12.718106,0.256159,1.047544,17000000,13.649102,12.821141,0.267629,1.002647
18000000,72000000,70312.5000,68.664551,18000000,3,18000000,14.327100,13.691134,0.265317,18000000,13.701835,13.330386,0.253738,1.045634,18000000,13.267197,12.736068,0.245689,1.079889,18000000,11.036853,10.877032,0.204386,1.298115,18000000,10.569312,10.304330,0.195728,1.355538,18000000,50.411911,48.959743,0.933554,0.284201,18000000,186.026511,184.215981,3.444935,0.077016,18000000,13.911880,13.700808,0.257627,1.029846,18000000,14.041080,13.381052,0.260020,1.020370
19000000,76000000,74218.7500,72.479248,19000000,3,19000000,14.844516,14.522917,0.260430,19000000,14.269390,14.028956,0.250340,1.040305,19000000,13.980223,13.447644,0.245267,1.061823,19000000,11.815843,11.497294,0.207295,1.256323,19000000,11.266455,11.089286,0.197657,1.317585,19000000,54.398511,52.302788,0.954360,0.272885,19000000,194.871565,191.452608,3.418799,0.076176,19000000,14.745859,14.338135,0.258699,1.006690,19000000,14.760263,14.071698,0.258952,1.005708
20000000,80000000,78125.0000,76.293945,20000000,3,20000000,15.158071,14.740906,0.252635,20000000,14.861045,14.395839,0.247684,1.019987,20000000,14.520693,14.028003,0.242012,1.043894,20000000,12.416284,12.080887,0.206938,1.220822,20000000,11.613468,11.225380,0.193558,1.305215,20000000,57.377354,54.771805,0.956289,0.264182,20000000,207.134690,204.389684,3.452245,0.073180,20000000,15.667536,15.274061,0.261126,0.967483,20000000,14.922819,14.719475,0.248714,1.015765
21000000,84000000,82031.2500,80.108643,21000000,3,21000000,16.306336,15.731162,0.258831,21000000,16.474013,15.334097,0.261492,0.989822,21000000,15.262616,14.973425,0.242264,1.068384,21000000,13.338419,12.617232,0.211721,1.222509,21000000,12.256023,12.001380,0.194540,1.330475,21000000,60.502675,59.047573,0.960360,0.269514,21000000,221.138429,213.786829,3.510134,0.073738,21000000,16.674123,16.051432,0.264669,0.977943,21000000,15.795595,15.410921,0.250724,1.032334
22000000,88000000,85937.5000,83.923340,22000000,3,22000000,16.541347,16.287476,0.250626,22000000,16.700635,16.167651,0.253040,0.990462,22000000,16.172518,15.691373,0.245038,1.022806,22000000,13.798520,13.419096,0.209068,1.198777,22000000,13.186194,12.863892,0.199791,1.254444,22000000,61.805543,59.618522,0.936448,0.267635,22000000,226.588244,224.741424,3.433155,0.073002,22000000,17.106347,16.641134,0.259187,0.966971,22000000,16.509376,16.052570,0.250142,1.001937
23000000,92000000,89843.7500,87.738037,23000000,3,23000000,17.744200,17.124630,0.257162,23000000,17.971853,16.883591,0.260462,0.987333,23000000,17.143913,16.497006,0.248463,1.035015,23000000,14.677369,14.233754,0.212715,1.208950,23000000,13.727922,13.362300,0.198955,1.292563,23000000,65.580753,64.447523,0.950446,0.270570,23000000,238.645897,234.562712,3.458636,0.074354,23000000,17.740544,17.462943,0.257109,1.000206,23000000,17.419639,17.113101,0.252459,1.018632
24000000,96000000,93750.0000,91.552734,24000000,3,24000000,18.726704,18.185182,0.260093,24000000,18.318789,17.859339,0.254428,1.022268,24000000,17.715103,17.230435,0.246043,1.057104,24000000,14.907036,14.554316,0.207042,1.256233,24000000,14.366147,13.789509,0.199530,1.303530,24000000,68.172124,67.214269,0.946835,0.274697,24000000,255.185440,246.472932,3.544242,0.073385,24000000,19.058465,18.401990,0.264701,0.982592,24000000,18.609852,18.169485,0.258470,1.006279
25000000,100000000,97656.2500,95.367432,25000000,3,25000000,18.631185,18.163171,0.248416,25000000,18.866401,18.335685,0.251552,0.987533,25000000,18.157824,17.702124,0.242104,1.026069,25000000,15.521784,15.174110,0.206957,1.200325,25000000,14.852553,14.428649,0.198034,1.254410,25000000,69.802754,67.948255,0.930703,0.266912,25000000,263.873831,252.885593,3.518318,0.070606,25000000,19.341063,18.780878,0.257881,0.963297,25000000,18.712075,18.399900,0.249494,0.995677
26000000,104000000,101562.5000,99.182129,26000000,3,26000000,19.893677,19.317840,0.255047,26000000,19.387123,18.870080,0.248553,1.026128,26000000,19.136117,18.694819,0.245335,1.039588,26000000,16.518192,15.983942,0.211772,1.204350,26000000,15.499340,15.048595,0.198709,1.283518,26000000,72.802982,71.393829,0.933372,0.273254,26000000,267.549252,265.384402,3.430119,0.074355,26000000,20.095209,19.703780,0.257631,0.989971,26000000,19.862694,19.322141,0.254650,1.001560
27000000,108000000,105468.7500,102.996826,27000000,3,27000000,21.333201,19.954004,0.263373,27000000,20.492854,19.797205,0.252998,1.041007,27000000,21.084014,19.501241,0.260296,1.011819,27000000,18.898204,18.046187,0.233311,1.128848,27000000,18.086244,17.266580,0.223287,1.179526,27000000,82.851290,79.477134,1.022855,0.257488,27000000,286.128346,274.202909,3.532449,0.074558,27000000,20.778233,20.545541,0.256521,1.026709,27000000,20.503901,20.100080,0.253135,1.040446
28000000,112000000,109375.0000,106.811523,28000000,3,28000000,20.942580,20.547495,0.249316,28000000,20.854134,20.428500,0.248264,1.004241,28000000,22.139099,20.864250,0.263561,0.945954,28000000,18.507090,17.245018,0.220322,1.131598,28000000,17.133951,16.657758,0.203976,1.222286,28000000,82.106099,77.771055,0.977454,0.255067,28000000,296.078568,291.211569,3.524745,0.070733,28000000,22.069300,21.600045,0.262730,0.948946,28000000,22.066539,21.017403,0.262697,0.949065
29000000,116000000,113281.2500,110.626221,29000000,3,29000000,22.020611,21.283599,0.253110,29000000,21.566899,21.232102,0.247895,1.021037,29000000,21.157494,20.621055,0.243190,1.040795,29000000,18.896018,18.107510,0.217196,1.165357,29000000,17.657709,17.300269,0.202962,1.247082,29000000,83.138686,80.036721,0.955617,0.264866,29000000,312.094940,301.921924,3.587298,0.070557,29000000,22.399187,21.982751,0.257462,0.983099,29000000,21.874971,21.319923,0.251436,1.006658
30000000,120000000,117187.5000,114.440918,30000000,3,30000000,22.736433,22.165606,0.252627,30000000,22.534610,21.847152,0.250385,1.008956,30000000,22.005159,21.346076,0.244502,1.033232,30000000,20.015194,18.892033,0.222391,1.135959,30000000,17.929388,17.413879,0.199215,1.268110,30000000,84.619263,80.599461,0.940214,0.268691,30000000,311.706728,308.981613,3.463408,0.072942,30000000,23.313661,22.666563,0.259041,0.975241,30000000,23.595146,22.055192,0.262168,0.963606
31000000,124000000,121093.7500,118.255615,31000000,3,31000000,23.409439,22.705579,0.251714,31000000,23.234366,22.741834,0.249832,1.007535,31000000,23.185254,22.125105,0.249304,1.009669,31000000,20.026606,19.398760,0.215340,1.168917,31000000,18.590545,18.097195,0.199898,1.259212,31000000,86.990682,84.801927,0.935384,0.269103,31000000,322.710125,308.132416,3.470001,0.072540,31000000,23.346566,22.709335,0.251038,1.002693,31000000,22.964823,22.310778,0.246934,1.019361
32000000,128000000,125000.0000,122.070312,32000000,3,32000000,23.977159,23.008838,0.249762,32000000,24.072627,23.371364,0.250757,0.996034,32000000,24.443759,23.051827,0.254622,0.980911,32000000,21.110350,20.520302,0.219899,1.135801,32000000,19.027489,18.730371,0.198203,1.260133,32000000,91.778815,86.581073,0.956029,0.261249,32000000,350.721057,330.281703,3.653344,0.068365,32000000,26.043060,25.346119,0.271282,0.920674,32000000,25.113060,24.447806,0.261594,0.954769
33000000,132000000,128906.2500,125.885010,33000000,3,33000000,25.381182,24.851019,0.256376,33000000,25.251692,24.749436,0.255068,1.005128,33000000,25.058843,24.354367,0.253120,1.012863,33000000,21.751857,21.036627,0.219716,1.166851,33000000,20.663773,20.345018,0.208725,1.228294,33000000,92.552830,88.584280,0.934877,0.274235,33000000,353.752684,345.342785,3.573259,0.071748,33000000,26.695917,25.316153,0.269656,0.950751,33000000,25.471007,24.493406,0.257283,0.996473
34000000,136000000,132812.5000,129.699707,34000000,3,34000000,25.679614,25.145232,0.251761,34000000,25.842989,25.182020,0.253363,0.993678,34000000,24.939422,24.379687,0.244504,1.029680,34000000,21.569193,21.042683,0.211463,1.190569,34000000,20.932555,19.825166,0.205221,1.226779,34000000,94.100966,92.054682,0.922558,0.272894,34000000,361.523796,349.397908,3.544351,0.071032,34000000,26.609831,26.127446,0.260881,0.965042,34000000,26.157462,25.630057,0.256446,0.981732
35000000,140000000,136718.7500,133.514404,35000000,3,35000000,27.017487,25.619596,0.257309,35000000,26.328676,25.490942,0.250749,1.026162,35000000,26.560899,25.599662,0.252961,1.017190,35000000,22.278382,22.008201,0.212175,1.212722,35000000,20.922522,20.569085,0.199262,1.291311,35000000,96.052378,94.423972,0.914785,0.281279,35000000,361.097520,354.245561,3.439024,0.074820,35000000,27.034818,26.531942,0.257474,0.999359,35000000,26.032754,25.416662,0.247931,1.037827
36000000,144000000,140625.0000,137.329102,36000000,3,36000000,26.833112,26.377295,0.248455,36000000,26.673310,25.875759,0.246975,1.005991,36000000,26.102318,25.573220,0.241688,1.027997,36000000,23.068418,22.312001,0.213596,1.163197,36000000,21.541486,20.775079,0.199458,1.245648,36000000,98.659658,95.280619,0.913515,0.271977,36000000,378.219672,363.736957,3.502034,0.070946,36000000,28.435930,27.853218,0.263296,0.943634,36000000,27.582489,26.792924,0.255393,0.972831
37000000,148000000,144531.2500,141.143799,37000000,3,37000000,28.234619,27.625935,0.254366,37000000,28.347167,27.148324,0.255380,0.996030,37000000,27.778737,26.931845,0.250259,1.016411,37000000,24.092814,23.608870,0.217052,1.171910,37000000,22.729329,22.142638,0.204769,1.242211,37000000,104.254195,102.467047,0.939227,0.270825,37000000,394.190891,385.339444,3.551269,0.071627,37000000,28.837512,28.427244,0.259797,0.979093,37000000,27.626870,27.008331,0.248891,1.021998
38000000,152000000,148437.5000,144.958496,38000000,3,38000000,28.946126,28.144234,0.253913,38000000,28.321993,27.919190,0.248439,1.022037,38000000,28.521137,27.397712,0.250185,1.014901,38000000,24.804820,23.678318,0.217586,1.166956,38000000,22.904703,22.598291,0.200918,1.263763,38000000,106.704569,104.241303,0.936005,0.271274,38000000,398.485329,387.581934,3.495485,0.072640,38000000,29.873758,28.959364,0.262051,0.968948,38000000,28.340652,28.012566,0.248602,1.021364
39000000,156000000,152343.7500,148.773193,39000000,3,39000000,33.604636,29.335991,0.287219,39000000,30.637626,29.427258,0.261860,1.096842,39000000,29.907903,28.728194,0.255623,1.123604,39000000,26.893379,24.785655,0.229858,1.249551,39000000,23.690496,23.297985,0.202483,1.418486,39000000,109.098243,106.774098,0.932464,0.308022,39000000,410.636357,397.286575,3.509712,0.081836,39000000,30.724725,29.953252,0.262604,1.093733,39000000,29.145757,28.708644,0.249109,1.152986
40000000,160000000,156250.0000,152.587891,40000000,3,40000000,30.377190,29.650178,0.253143,40000000,29.966448,29.298042,0.249720,1.013707,40000000,29.704648,28.965273,0.247539,1.022641,40000000,26.170607,25.061467,0.218088,1.160737,40000000,24.609782,23.945321,0.205082,1.234354,40000000,110.848878,107.987636,0.923741,0.274041,40000000,434.678361,418.360044,3.622320,0.069884,40000000,31.767791,31.137821,0.264732,0.956226,40000000,31.724044,30.726725,0.264367,0.957545
41000000,164000000,160156.2500,156.402588,41000000,3,41000000,31.060553,30.309493,0.252525,41000000,30.502288,29.854051,0.247986,1.018302,41000000,30.385582,29.170390,0.247037,1.022214,41000000,26.279049,25.421635,0.213651,1.181951,41000000,27.239074,25.740496,0.221456,1.140294,41000000,121.395614,117.282893,0.986956,0.255862,41000000,440.056469,424.716666,3.577695,0.070583,41000000,31.485807,30.974063,0.255982,0.986494,41000000,30.405783,29.686998,0.247201,1.021534
42000000,168000000,164062.5000,160.217285,42000000,3,42000000,31.609498,30.714401,0.250869,42000000,30.650053,30.266603,0.243254,1.031303,42000000,30.334424,29.527484,0.240749,1.042034,42000000,26.778716,26.438023,0.212529,1.180396,42000000,25.568949,24.603995,0.202928,1.236246,42000000,117.193659,113.762727,0.930108,0.269720,42000000,444.379633,429.031807,3.526822,0.071132,42000000,31.969258,31.695185,0.253724,0.988747,42000000,30.771199,30.367295,0.244216,1.027243
43000000,172000000,167968.7500,164.031982,43000000,3,43000000,31.328366,30.680815,0.242856,43000000,31.137408,30.628477,0.241375,1.006133,43000000,31.092942,29.926110,0.241031,1.007572,43000000,27.186930,26.477517,0.210751,1.152332,43000000,25.908784,25.308009,0.200843,1.209179,43000000,118.501811,116.916854,0.918619,0.264370,43000000,471.991167,451.746537,3.658846,0.066375,43000000,33.804381,33.305471,0.262049,0.926755,43000000,31.852978,31.400645,0.246922,0.983530
44000000,176000000,171875.0000,167.846680,44000000,3,44000000,33.081218,32.209981,0.250615,44000000,32.998570,31.891054,0.249989,1.002505,44000000,31.989871,31.465623,0.242348,1.034115,44000000,28.407123,27.744577,0.215205,1.164540,44000000,27.102489,26.479469,0.205322,1.220597,44000000,122.110965,119.647994,0.925083,0.270911,44000000,461.143830,451.660675,3.493514,0.071737,44000000,33.503330,32.882118,0.253813,0.987401,44000000,32.266127,31.793243,0.244440,1.025262
45000000,180000000,175781.2500,171.661377,45000000,3,45000000,34.010865,32.438436,0.251932,45000000,32.297998,31.934112,0.239244,1.053033,45000000,32.790995,32.182762,0.242896,1.037201,45000000,28.591164,28.040653,0.211786,1.189559,45000000,27.103257,26.768362,0.200765,1.254863,45000000,125.303955,122.946371,0.928177,0.271427,45000000,491.524284,460.832338,3.640921,0.069195,45000000,34.759763,33.254001,0.257480,0.978455,45000000,32.494870,32.198866,0.240703,1.046653
46000000,184000000,179687.5000,175.476074,46000000,3,46000000,33.645254,32.799940,0.243806,46000000,33.139150,32.452497,0.240139,1.015272,46000000,32.640914,31.886819,0.236528,1.030769,46000000,29.456553,28.427504,0.213453,1.142199,46000000,27.736204,27.311942,0.200987,1.213045,46000000,127.052792,125.039131,0.920672,0.264813,46000000,473.732204,470.258670,3.432842,0.071022,46000000,35.892838,34.151583,0.260093,0.937381,46000000,33.477659,33.026685,0.242592,1.005006
47000000,188000000,183593.7500,179.290771,47000000,3,47000000,34.386043,33.916906,0.243873,47000000,34.796343,33.964192,0.246783,0.988209,47000000,33.673896,33.093812,0.238822,1.021148,47000000,29.944894,29.279512,0.212375,1.148311,47000000,28.795008,27.790072,0.204220,1.194167,47000000,131.283508,126.987261,0.931089,0.261922,47000000,497.985924,483.239946,3.531815,0.069050,47000000,38.119047,37.358095,0.270348,0.902070,47000000,36.786387,35.652375,0.260896,0.934749
48000000,192000000,187500.0000,183.105469,48000000,3,48000000,36.863014,35.988905,0.255993,48000000,36.109193,35.593184,0.250758,1.020876,48000000,35.746907,34.745864,0.248242,1.031222,48000000,31.336103,30.823694,0.217612,1.176375,48000000,29.781812,29.192908,0.206818,1.237769,48000000,136.140313,132.427109,0.945419,0.270772,48000000,513.475899,498.951954,3.565805,0.071791,48000000,36.821470,36.216090,0.255705,1.001128,48000000,35.915757,34.767166,0.249415,1.026374
49000000,196000000,191406.2500,186.920166,49000000,3,49000000,36.156866,35.501218,0.245965,49000000,37.209359,35.523473,0.253125,0.971714,49000000,36.311900,35.184521,0.247020,0.995730,49000000,31.871581,31.048993,0.216813,1.134455,49000000,30.356758,29.610720,0.206509,1.191065,49000000,136.772344,133.308150,0.930424,0.264358,49000000,514.140628,503.604233,3.497555,0.070325,49000000,37.725304,36.454994,0.256635,0.958425,49000000,36.774684,35.657278,0.250168,0.983200
50000000,200000000,195312.5000,190.734863,50000000,3,50000000,37.173977,35.500989,0.247827,50000000,35.741586,35.247299,0.238277,1.040076,50000000,35.976443,34.896798,0.239843,1.033287,50000000,31.739379,31.080867,0.211596,1.171226,50000000,30.404841,29.458695,0.202699,1.222633,50000000,137.167518,133.905221,0.914450,0.271012,50000000,544.517153,516.597873,3.630114,0.068270,50000000,38.895272,38.017267,0.259302,0.955745,50000000,37.297819,36.369825,0.248652,0.996680
